CREATE DATABASE  IF NOT EXISTS `vonatjegydb` /*!40100 DEFAULT CHARACTER SET utf8 */ /*!80016 DEFAULT ENCRYPTION='N' */;
USE `vonatjegydb`;
-- MySQL dump 10.13  Distrib 8.0.27, for Win64 (x86_64)
--
-- Host: 127.0.0.1    Database: vonatjegydb
-- ------------------------------------------------------
-- Server version	8.0.27

/*!40101 SET @OLD_CHARACTER_SET_CLIENT=@@CHARACTER_SET_CLIENT */;
/*!40101 SET @OLD_CHARACTER_SET_RESULTS=@@CHARACTER_SET_RESULTS */;
/*!40101 SET @OLD_COLLATION_CONNECTION=@@COLLATION_CONNECTION */;
/*!50503 SET NAMES utf8 */;
/*!40103 SET @OLD_TIME_ZONE=@@TIME_ZONE */;
/*!40103 SET TIME_ZONE='+00:00' */;
/*!40014 SET @OLD_UNIQUE_CHECKS=@@UNIQUE_CHECKS, UNIQUE_CHECKS=0 */;
/*!40014 SET @OLD_FOREIGN_KEY_CHECKS=@@FOREIGN_KEY_CHECKS, FOREIGN_KEY_CHECKS=0 */;
/*!40101 SET @OLD_SQL_MODE=@@SQL_MODE, SQL_MODE='NO_AUTO_VALUE_ON_ZERO' */;
/*!40111 SET @OLD_SQL_NOTES=@@SQL_NOTES, SQL_NOTES=0 */;

--
-- Table structure for table `indulas`
--

DROP TABLE IF EXISTS `indulas`;
/*!40101 SET @saved_cs_client     = @@character_set_client */;
/*!50503 SET character_set_client = utf8mb4 */;
CREATE TABLE `indulas` (
  `idINDULAS` int NOT NULL AUTO_INCREMENT,
  `idopont` datetime NOT NULL,
  PRIMARY KEY (`idINDULAS`)
) ENGINE=InnoDB AUTO_INCREMENT=2017 DEFAULT CHARSET=utf8mb3;
/*!40101 SET character_set_client = @saved_cs_client */;

--
-- Dumping data for table `indulas`
--

LOCK TABLES `indulas` WRITE;
/*!40000 ALTER TABLE `indulas` DISABLE KEYS */;
INSERT INTO `indulas` VALUES (1,'2021-11-20 00:45:00'),(2,'2021-11-20 01:45:00'),(3,'2021-11-20 02:45:00'),(4,'2021-11-20 03:45:00'),(5,'2021-11-20 04:45:00'),(6,'2021-11-20 05:45:00'),(7,'2021-11-20 06:45:00'),(8,'2021-11-20 07:45:00'),(9,'2021-11-20 08:45:00'),(10,'2021-11-20 09:45:00'),(11,'2021-11-20 10:45:00'),(12,'2021-11-20 11:45:00'),(13,'2021-11-20 12:45:00'),(14,'2021-11-20 13:45:00'),(15,'2021-11-20 14:45:00'),(16,'2021-11-20 15:45:00'),(17,'2021-11-20 16:45:00'),(18,'2021-11-20 17:45:00'),(19,'2021-11-20 18:45:00'),(20,'2021-11-20 19:45:00'),(21,'2021-11-20 20:45:00'),(22,'2021-11-20 21:45:00'),(23,'2021-11-20 22:45:00'),(24,'2021-11-20 23:45:00'),(25,'2021-11-21 00:45:00'),(26,'2021-11-21 01:45:00'),(27,'2021-11-21 02:45:00'),(28,'2021-11-21 03:45:00'),(29,'2021-11-21 04:45:00'),(30,'2021-11-21 05:45:00'),(31,'2021-11-21 06:45:00'),(32,'2021-11-21 07:45:00'),(33,'2021-11-21 08:45:00'),(34,'2021-11-21 09:45:00'),(35,'2021-11-21 10:45:00'),(36,'2021-11-21 11:45:00'),(37,'2021-11-21 12:45:00'),(38,'2021-11-21 13:45:00'),(39,'2021-11-21 14:45:00'),(40,'2021-11-21 15:45:00'),(41,'2021-11-21 16:45:00'),(42,'2021-11-21 17:45:00'),(43,'2021-11-21 18:45:00'),(44,'2021-11-21 19:45:00'),(45,'2021-11-21 20:45:00'),(46,'2021-11-21 21:45:00'),(47,'2021-11-21 22:45:00'),(48,'2021-11-21 23:45:00'),(49,'2021-11-22 00:45:00'),(50,'2021-11-22 01:45:00'),(51,'2021-11-22 02:45:00'),(52,'2021-11-22 03:45:00'),(53,'2021-11-22 04:45:00'),(54,'2021-11-22 05:45:00'),(55,'2021-11-22 06:45:00'),(56,'2021-11-22 07:45:00'),(57,'2021-11-22 08:45:00'),(58,'2021-11-22 09:45:00'),(59,'2021-11-22 10:45:00'),(60,'2021-11-22 11:45:00'),(61,'2021-11-22 12:45:00'),(62,'2021-11-22 13:45:00'),(63,'2021-11-22 14:45:00'),(64,'2021-11-22 15:45:00'),(65,'2021-11-22 16:45:00'),(66,'2021-11-22 17:45:00'),(67,'2021-11-22 18:45:00'),(68,'2021-11-22 19:45:00'),(69,'2021-11-22 20:45:00'),(70,'2021-11-22 21:45:00'),(71,'2021-11-22 22:45:00'),(72,'2021-11-22 23:45:00'),(73,'2021-11-23 00:45:00'),(74,'2021-11-23 01:45:00'),(75,'2021-11-23 02:45:00'),(76,'2021-11-23 03:45:00'),(77,'2021-11-23 04:45:00'),(78,'2021-11-23 05:45:00'),(79,'2021-11-23 06:45:00'),(80,'2021-11-23 07:45:00'),(81,'2021-11-23 08:45:00'),(82,'2021-11-23 09:45:00'),(83,'2021-11-23 10:45:00'),(84,'2021-11-23 11:45:00'),(85,'2021-11-23 12:45:00'),(86,'2021-11-23 13:45:00'),(87,'2021-11-23 14:45:00'),(88,'2021-11-23 15:45:00'),(89,'2021-11-23 16:45:00'),(90,'2021-11-23 17:45:00'),(91,'2021-11-23 18:45:00'),(92,'2021-11-23 19:45:00'),(93,'2021-11-23 20:45:00'),(94,'2021-11-23 21:45:00'),(95,'2021-11-23 22:45:00'),(96,'2021-11-23 23:45:00'),(97,'2021-11-24 00:45:00'),(98,'2021-11-24 01:45:00'),(99,'2021-11-24 02:45:00'),(100,'2021-11-24 03:45:00'),(101,'2021-11-24 04:45:00'),(102,'2021-11-24 05:45:00'),(103,'2021-11-24 06:45:00'),(104,'2021-11-24 07:45:00'),(105,'2021-11-24 08:45:00'),(106,'2021-11-24 09:45:00'),(107,'2021-11-24 10:45:00'),(108,'2021-11-24 11:45:00'),(109,'2021-11-24 12:45:00'),(110,'2021-11-24 13:45:00'),(111,'2021-11-24 14:45:00'),(112,'2021-11-24 15:45:00'),(113,'2021-11-24 16:45:00'),(114,'2021-11-24 17:45:00'),(115,'2021-11-24 18:45:00'),(116,'2021-11-24 19:45:00'),(117,'2021-11-24 20:45:00'),(118,'2021-11-24 21:45:00'),(119,'2021-11-24 22:45:00'),(120,'2021-11-24 23:45:00'),(121,'2021-11-25 00:45:00'),(122,'2021-11-25 01:45:00'),(123,'2021-11-25 02:45:00'),(124,'2021-11-25 03:45:00'),(125,'2021-11-25 04:45:00'),(126,'2021-11-25 05:45:00'),(127,'2021-11-25 06:45:00'),(128,'2021-11-25 07:45:00'),(129,'2021-11-25 08:45:00'),(130,'2021-11-25 09:45:00'),(131,'2021-11-25 10:45:00'),(132,'2021-11-25 11:45:00'),(133,'2021-11-25 12:45:00'),(134,'2021-11-25 13:45:00'),(135,'2021-11-25 14:45:00'),(136,'2021-11-25 15:45:00'),(137,'2021-11-25 16:45:00'),(138,'2021-11-25 17:45:00'),(139,'2021-11-25 18:45:00'),(140,'2021-11-25 19:45:00'),(141,'2021-11-25 20:45:00'),(142,'2021-11-25 21:45:00'),(143,'2021-11-25 22:45:00'),(144,'2021-11-25 23:45:00'),(145,'2021-11-26 00:45:00'),(146,'2021-11-26 01:45:00'),(147,'2021-11-26 02:45:00'),(148,'2021-11-26 03:45:00'),(149,'2021-11-26 04:45:00'),(150,'2021-11-26 05:45:00'),(151,'2021-11-26 06:45:00'),(152,'2021-11-26 07:45:00'),(153,'2021-11-26 08:45:00'),(154,'2021-11-26 09:45:00'),(155,'2021-11-26 10:45:00'),(156,'2021-11-26 11:45:00'),(157,'2021-11-26 12:45:00'),(158,'2021-11-26 13:45:00'),(159,'2021-11-26 14:45:00'),(160,'2021-11-26 15:45:00'),(161,'2021-11-26 16:45:00'),(162,'2021-11-26 17:45:00'),(163,'2021-11-26 18:45:00'),(164,'2021-11-26 19:45:00'),(165,'2021-11-26 20:45:00'),(166,'2021-11-26 21:45:00'),(167,'2021-11-26 22:45:00'),(168,'2021-11-26 23:45:00'),(169,'2021-11-27 00:45:00'),(170,'2021-11-27 01:45:00'),(171,'2021-11-27 02:45:00'),(172,'2021-11-27 03:45:00'),(173,'2021-11-27 04:45:00'),(174,'2021-11-27 05:45:00'),(175,'2021-11-27 06:45:00'),(176,'2021-11-27 07:45:00'),(177,'2021-11-27 08:45:00'),(178,'2021-11-27 09:45:00'),(179,'2021-11-27 10:45:00'),(180,'2021-11-27 11:45:00'),(181,'2021-11-27 12:45:00'),(182,'2021-11-27 13:45:00'),(183,'2021-11-27 14:45:00'),(184,'2021-11-27 15:45:00'),(185,'2021-11-27 16:45:00'),(186,'2021-11-27 17:45:00'),(187,'2021-11-27 18:45:00'),(188,'2021-11-27 19:45:00'),(189,'2021-11-27 20:45:00'),(190,'2021-11-27 21:45:00'),(191,'2021-11-27 22:45:00'),(192,'2021-11-27 23:45:00'),(193,'2021-11-28 00:45:00'),(194,'2021-11-28 01:45:00'),(195,'2021-11-28 02:45:00'),(196,'2021-11-28 03:45:00'),(197,'2021-11-28 04:45:00'),(198,'2021-11-28 05:45:00'),(199,'2021-11-28 06:45:00'),(200,'2021-11-28 07:45:00'),(201,'2021-11-28 08:45:00'),(202,'2021-11-28 09:45:00'),(203,'2021-11-28 10:45:00'),(204,'2021-11-28 11:45:00'),(205,'2021-11-28 12:45:00'),(206,'2021-11-28 13:45:00'),(207,'2021-11-28 14:45:00'),(208,'2021-11-28 15:45:00'),(209,'2021-11-28 16:45:00'),(210,'2021-11-28 17:45:00'),(211,'2021-11-28 18:45:00'),(212,'2021-11-28 19:45:00'),(213,'2021-11-28 20:45:00'),(214,'2021-11-28 21:45:00'),(215,'2021-11-28 22:45:00'),(216,'2021-11-28 23:45:00'),(217,'2021-11-29 00:45:00'),(218,'2021-11-29 01:45:00'),(219,'2021-11-29 02:45:00'),(220,'2021-11-29 03:45:00'),(221,'2021-11-29 04:45:00'),(222,'2021-11-29 05:45:00'),(223,'2021-11-29 06:45:00'),(224,'2021-11-29 07:45:00'),(225,'2021-11-29 08:45:00'),(226,'2021-11-29 09:45:00'),(227,'2021-11-29 10:45:00'),(228,'2021-11-29 11:45:00'),(229,'2021-11-29 12:45:00'),(230,'2021-11-29 13:45:00'),(231,'2021-11-29 14:45:00'),(232,'2021-11-29 15:45:00'),(233,'2021-11-29 16:45:00'),(234,'2021-11-29 17:45:00'),(235,'2021-11-29 18:45:00'),(236,'2021-11-29 19:45:00'),(237,'2021-11-29 20:45:00'),(238,'2021-11-29 21:45:00'),(239,'2021-11-29 22:45:00'),(240,'2021-11-29 23:45:00'),(241,'2021-11-30 00:45:00'),(242,'2021-11-30 01:45:00'),(243,'2021-11-30 02:45:00'),(244,'2021-11-30 03:45:00'),(245,'2021-11-30 04:45:00'),(246,'2021-11-30 05:45:00'),(247,'2021-11-30 06:45:00'),(248,'2021-11-30 07:45:00'),(249,'2021-11-30 08:45:00'),(250,'2021-11-30 09:45:00'),(251,'2021-11-30 10:45:00'),(252,'2021-11-30 11:45:00'),(253,'2021-11-30 12:45:00'),(254,'2021-11-30 13:45:00'),(255,'2021-11-30 14:45:00'),(256,'2021-11-30 15:45:00'),(257,'2021-11-30 16:45:00'),(258,'2021-11-30 17:45:00'),(259,'2021-11-30 18:45:00'),(260,'2021-11-30 19:45:00'),(261,'2021-11-30 20:45:00'),(262,'2021-11-30 21:45:00'),(263,'2021-11-30 22:45:00'),(264,'2021-11-30 23:45:00'),(265,'2021-12-01 00:45:00'),(266,'2021-12-01 01:45:00'),(267,'2021-12-01 02:45:00'),(268,'2021-12-01 03:45:00'),(269,'2021-12-01 04:45:00'),(270,'2021-12-01 05:45:00'),(271,'2021-12-01 06:45:00'),(272,'2021-12-01 07:45:00'),(273,'2021-12-01 08:45:00'),(274,'2021-12-01 09:45:00'),(275,'2021-12-01 10:45:00'),(276,'2021-12-01 11:45:00'),(277,'2021-12-01 12:45:00'),(278,'2021-12-01 13:45:00'),(279,'2021-12-01 14:45:00'),(280,'2021-12-01 15:45:00'),(281,'2021-12-01 16:45:00'),(282,'2021-12-01 17:45:00'),(283,'2021-12-01 18:45:00'),(284,'2021-12-01 19:45:00'),(285,'2021-12-01 20:45:00'),(286,'2021-12-01 21:45:00'),(287,'2021-12-01 22:45:00'),(288,'2021-12-01 23:45:00'),(289,'2021-12-02 00:45:00'),(290,'2021-12-02 01:45:00'),(291,'2021-12-02 02:45:00'),(292,'2021-12-02 03:45:00'),(293,'2021-12-02 04:45:00'),(294,'2021-12-02 05:45:00'),(295,'2021-12-02 06:45:00'),(296,'2021-12-02 07:45:00'),(297,'2021-12-02 08:45:00'),(298,'2021-12-02 09:45:00'),(299,'2021-12-02 10:45:00'),(300,'2021-12-02 11:45:00'),(301,'2021-12-02 12:45:00'),(302,'2021-12-02 13:45:00'),(303,'2021-12-02 14:45:00'),(304,'2021-12-02 15:45:00'),(305,'2021-12-02 16:45:00'),(306,'2021-12-02 17:45:00'),(307,'2021-12-02 18:45:00'),(308,'2021-12-02 19:45:00'),(309,'2021-12-02 20:45:00'),(310,'2021-12-02 21:45:00'),(311,'2021-12-02 22:45:00'),(312,'2021-12-02 23:45:00'),(313,'2021-12-03 00:45:00'),(314,'2021-12-03 01:45:00'),(315,'2021-12-03 02:45:00'),(316,'2021-12-03 03:45:00'),(317,'2021-12-03 04:45:00'),(318,'2021-12-03 05:45:00'),(319,'2021-12-03 06:45:00'),(320,'2021-12-03 07:45:00'),(321,'2021-12-03 08:45:00'),(322,'2021-12-03 09:45:00'),(323,'2021-12-03 10:45:00'),(324,'2021-12-03 11:45:00'),(325,'2021-12-03 12:45:00'),(326,'2021-12-03 13:45:00'),(327,'2021-12-03 14:45:00'),(328,'2021-12-03 15:45:00'),(329,'2021-12-03 16:45:00'),(330,'2021-12-03 17:45:00'),(331,'2021-12-03 18:45:00'),(332,'2021-12-03 19:45:00'),(333,'2021-12-03 20:45:00'),(334,'2021-12-03 21:45:00'),(335,'2021-12-03 22:45:00'),(336,'2021-12-03 23:45:00'),(337,'2021-12-04 00:45:00'),(338,'2021-12-04 01:45:00'),(339,'2021-12-04 02:45:00'),(340,'2021-12-04 03:45:00'),(341,'2021-12-04 04:45:00'),(342,'2021-12-04 05:45:00'),(343,'2021-12-04 06:45:00'),(344,'2021-12-04 07:45:00'),(345,'2021-12-04 08:45:00'),(346,'2021-12-04 09:45:00'),(347,'2021-12-04 10:45:00'),(348,'2021-12-04 11:45:00'),(349,'2021-12-04 12:45:00'),(350,'2021-12-04 13:45:00'),(351,'2021-12-04 14:45:00'),(352,'2021-12-04 15:45:00'),(353,'2021-12-04 16:45:00'),(354,'2021-12-04 17:45:00'),(355,'2021-12-04 18:45:00'),(356,'2021-12-04 19:45:00'),(357,'2021-12-04 20:45:00'),(358,'2021-12-04 21:45:00'),(359,'2021-12-04 22:45:00'),(360,'2021-12-04 23:45:00'),(361,'2021-12-05 00:45:00'),(362,'2021-12-05 01:45:00'),(363,'2021-12-05 02:45:00'),(364,'2021-12-05 03:45:00'),(365,'2021-12-05 04:45:00'),(366,'2021-12-05 05:45:00'),(367,'2021-12-05 06:45:00'),(368,'2021-12-05 07:45:00'),(369,'2021-12-05 08:45:00'),(370,'2021-12-05 09:45:00'),(371,'2021-12-05 10:45:00'),(372,'2021-12-05 11:45:00'),(373,'2021-12-05 12:45:00'),(374,'2021-12-05 13:45:00'),(375,'2021-12-05 14:45:00'),(376,'2021-12-05 15:45:00'),(377,'2021-12-05 16:45:00'),(378,'2021-12-05 17:45:00'),(379,'2021-12-05 18:45:00'),(380,'2021-12-05 19:45:00'),(381,'2021-12-05 20:45:00'),(382,'2021-12-05 21:45:00'),(383,'2021-12-05 22:45:00'),(384,'2021-12-05 23:45:00'),(385,'2021-12-06 00:45:00'),(386,'2021-12-06 01:45:00'),(387,'2021-12-06 02:45:00'),(388,'2021-12-06 03:45:00'),(389,'2021-12-06 04:45:00'),(390,'2021-12-06 05:45:00'),(391,'2021-12-06 06:45:00'),(392,'2021-12-06 07:45:00'),(393,'2021-12-06 08:45:00'),(394,'2021-12-06 09:45:00'),(395,'2021-12-06 10:45:00'),(396,'2021-12-06 11:45:00'),(397,'2021-12-06 12:45:00'),(398,'2021-12-06 13:45:00'),(399,'2021-12-06 14:45:00'),(400,'2021-12-06 15:45:00'),(401,'2021-12-06 16:45:00'),(402,'2021-12-06 17:45:00'),(403,'2021-12-06 18:45:00'),(404,'2021-12-06 19:45:00'),(405,'2021-12-06 20:45:00'),(406,'2021-12-06 21:45:00'),(407,'2021-12-06 22:45:00'),(408,'2021-12-06 23:45:00'),(409,'2021-12-07 00:45:00'),(410,'2021-12-07 01:45:00'),(411,'2021-12-07 02:45:00'),(412,'2021-12-07 03:45:00'),(413,'2021-12-07 04:45:00'),(414,'2021-12-07 05:45:00'),(415,'2021-12-07 06:45:00'),(416,'2021-12-07 07:45:00'),(417,'2021-12-07 08:45:00'),(418,'2021-12-07 09:45:00'),(419,'2021-12-07 10:45:00'),(420,'2021-12-07 11:45:00'),(421,'2021-12-07 12:45:00'),(422,'2021-12-07 13:45:00'),(423,'2021-12-07 14:45:00'),(424,'2021-12-07 15:45:00'),(425,'2021-12-07 16:45:00'),(426,'2021-12-07 17:45:00'),(427,'2021-12-07 18:45:00'),(428,'2021-12-07 19:45:00'),(429,'2021-12-07 20:45:00'),(430,'2021-12-07 21:45:00'),(431,'2021-12-07 22:45:00'),(432,'2021-12-07 23:45:00'),(433,'2021-12-08 00:45:00'),(434,'2021-12-08 01:45:00'),(435,'2021-12-08 02:45:00'),(436,'2021-12-08 03:45:00'),(437,'2021-12-08 04:45:00'),(438,'2021-12-08 05:45:00'),(439,'2021-12-08 06:45:00'),(440,'2021-12-08 07:45:00'),(441,'2021-12-08 08:45:00'),(442,'2021-12-08 09:45:00'),(443,'2021-12-08 10:45:00'),(444,'2021-12-08 11:45:00'),(445,'2021-12-08 12:45:00'),(446,'2021-12-08 13:45:00'),(447,'2021-12-08 14:45:00'),(448,'2021-12-08 15:45:00'),(449,'2021-12-08 16:45:00'),(450,'2021-12-08 17:45:00'),(451,'2021-12-08 18:45:00'),(452,'2021-12-08 19:45:00'),(453,'2021-12-08 20:45:00'),(454,'2021-12-08 21:45:00'),(455,'2021-12-08 22:45:00'),(456,'2021-12-08 23:45:00'),(457,'2021-12-09 00:45:00'),(458,'2021-12-09 01:45:00'),(459,'2021-12-09 02:45:00'),(460,'2021-12-09 03:45:00'),(461,'2021-12-09 04:45:00'),(462,'2021-12-09 05:45:00'),(463,'2021-12-09 06:45:00'),(464,'2021-12-09 07:45:00'),(465,'2021-12-09 08:45:00'),(466,'2021-12-09 09:45:00'),(467,'2021-12-09 10:45:00'),(468,'2021-12-09 11:45:00'),(469,'2021-12-09 12:45:00'),(470,'2021-12-09 13:45:00'),(471,'2021-12-09 14:45:00'),(472,'2021-12-09 15:45:00'),(473,'2021-12-09 16:45:00'),(474,'2021-12-09 17:45:00'),(475,'2021-12-09 18:45:00'),(476,'2021-12-09 19:45:00'),(477,'2021-12-09 20:45:00'),(478,'2021-12-09 21:45:00'),(479,'2021-12-09 22:45:00'),(480,'2021-12-09 23:45:00'),(481,'2021-12-10 00:45:00'),(482,'2021-12-10 01:45:00'),(483,'2021-12-10 02:45:00'),(484,'2021-12-10 03:45:00'),(485,'2021-12-10 04:45:00'),(486,'2021-12-10 05:45:00'),(487,'2021-12-10 06:45:00'),(488,'2021-12-10 07:45:00'),(489,'2021-12-10 08:45:00'),(490,'2021-12-10 09:45:00'),(491,'2021-12-10 10:45:00'),(492,'2021-12-10 11:45:00'),(493,'2021-12-10 12:45:00'),(494,'2021-12-10 13:45:00'),(495,'2021-12-10 14:45:00'),(496,'2021-12-10 15:45:00'),(497,'2021-12-10 16:45:00'),(498,'2021-12-10 17:45:00'),(499,'2021-12-10 18:45:00'),(500,'2021-12-10 19:45:00'),(501,'2021-12-10 20:45:00'),(502,'2021-12-10 21:45:00'),(503,'2021-12-10 22:45:00'),(504,'2021-12-10 23:45:00'),(505,'2021-12-11 00:45:00'),(506,'2021-12-11 01:45:00'),(507,'2021-12-11 02:45:00'),(508,'2021-12-11 03:45:00'),(509,'2021-12-11 04:45:00'),(510,'2021-12-11 05:45:00'),(511,'2021-12-11 06:45:00'),(512,'2021-12-11 07:45:00'),(513,'2021-12-11 08:45:00'),(514,'2021-12-11 09:45:00'),(515,'2021-12-11 10:45:00'),(516,'2021-12-11 11:45:00'),(517,'2021-12-11 12:45:00'),(518,'2021-12-11 13:45:00'),(519,'2021-12-11 14:45:00'),(520,'2021-12-11 15:45:00'),(521,'2021-12-11 16:45:00'),(522,'2021-12-11 17:45:00'),(523,'2021-12-11 18:45:00'),(524,'2021-12-11 19:45:00'),(525,'2021-12-11 20:45:00'),(526,'2021-12-11 21:45:00'),(527,'2021-12-11 22:45:00'),(528,'2021-12-11 23:45:00'),(529,'2021-12-12 00:45:00'),(530,'2021-12-12 01:45:00'),(531,'2021-12-12 02:45:00'),(532,'2021-12-12 03:45:00'),(533,'2021-12-12 04:45:00'),(534,'2021-12-12 05:45:00'),(535,'2021-12-12 06:45:00'),(536,'2021-12-12 07:45:00'),(537,'2021-12-12 08:45:00'),(538,'2021-12-12 09:45:00'),(539,'2021-12-12 10:45:00'),(540,'2021-12-12 11:45:00'),(541,'2021-12-12 12:45:00'),(542,'2021-12-12 13:45:00'),(543,'2021-12-12 14:45:00'),(544,'2021-12-12 15:45:00'),(545,'2021-12-12 16:45:00'),(546,'2021-12-12 17:45:00'),(547,'2021-12-12 18:45:00'),(548,'2021-12-12 19:45:00'),(549,'2021-12-12 20:45:00'),(550,'2021-12-12 21:45:00'),(551,'2021-12-12 22:45:00'),(552,'2021-12-12 23:45:00'),(553,'2021-12-13 00:45:00'),(554,'2021-12-13 01:45:00'),(555,'2021-12-13 02:45:00'),(556,'2021-12-13 03:45:00'),(557,'2021-12-13 04:45:00'),(558,'2021-12-13 05:45:00'),(559,'2021-12-13 06:45:00'),(560,'2021-12-13 07:45:00'),(561,'2021-12-13 08:45:00'),(562,'2021-12-13 09:45:00'),(563,'2021-12-13 10:45:00'),(564,'2021-12-13 11:45:00'),(565,'2021-12-13 12:45:00'),(566,'2021-12-13 13:45:00'),(567,'2021-12-13 14:45:00'),(568,'2021-12-13 15:45:00'),(569,'2021-12-13 16:45:00'),(570,'2021-12-13 17:45:00'),(571,'2021-12-13 18:45:00'),(572,'2021-12-13 19:45:00'),(573,'2021-12-13 20:45:00'),(574,'2021-12-13 21:45:00'),(575,'2021-12-13 22:45:00'),(576,'2021-12-13 23:45:00'),(577,'2021-12-14 00:45:00'),(578,'2021-12-14 01:45:00'),(579,'2021-12-14 02:45:00'),(580,'2021-12-14 03:45:00'),(581,'2021-12-14 04:45:00'),(582,'2021-12-14 05:45:00'),(583,'2021-12-14 06:45:00'),(584,'2021-12-14 07:45:00'),(585,'2021-12-14 08:45:00'),(586,'2021-12-14 09:45:00'),(587,'2021-12-14 10:45:00'),(588,'2021-12-14 11:45:00'),(589,'2021-12-14 12:45:00'),(590,'2021-12-14 13:45:00'),(591,'2021-12-14 14:45:00'),(592,'2021-12-14 15:45:00'),(593,'2021-12-14 16:45:00'),(594,'2021-12-14 17:45:00'),(595,'2021-12-14 18:45:00'),(596,'2021-12-14 19:45:00'),(597,'2021-12-14 20:45:00'),(598,'2021-12-14 21:45:00'),(599,'2021-12-14 22:45:00'),(600,'2021-12-14 23:45:00'),(601,'2021-12-15 00:45:00'),(602,'2021-12-15 01:45:00'),(603,'2021-12-15 02:45:00'),(604,'2021-12-15 03:45:00'),(605,'2021-12-15 04:45:00'),(606,'2021-12-15 05:45:00'),(607,'2021-12-15 06:45:00'),(608,'2021-12-15 07:45:00'),(609,'2021-12-15 08:45:00'),(610,'2021-12-15 09:45:00'),(611,'2021-12-15 10:45:00'),(612,'2021-12-15 11:45:00'),(613,'2021-12-15 12:45:00'),(614,'2021-12-15 13:45:00'),(615,'2021-12-15 14:45:00'),(616,'2021-12-15 15:45:00'),(617,'2021-12-15 16:45:00'),(618,'2021-12-15 17:45:00'),(619,'2021-12-15 18:45:00'),(620,'2021-12-15 19:45:00'),(621,'2021-12-15 20:45:00'),(622,'2021-12-15 21:45:00'),(623,'2021-12-15 22:45:00'),(624,'2021-12-15 23:45:00'),(625,'2021-12-16 00:45:00'),(626,'2021-12-16 01:45:00'),(627,'2021-12-16 02:45:00'),(628,'2021-12-16 03:45:00'),(629,'2021-12-16 04:45:00'),(630,'2021-12-16 05:45:00'),(631,'2021-12-16 06:45:00'),(632,'2021-12-16 07:45:00'),(633,'2021-12-16 08:45:00'),(634,'2021-12-16 09:45:00'),(635,'2021-12-16 10:45:00'),(636,'2021-12-16 11:45:00'),(637,'2021-12-16 12:45:00'),(638,'2021-12-16 13:45:00'),(639,'2021-12-16 14:45:00'),(640,'2021-12-16 15:45:00'),(641,'2021-12-16 16:45:00'),(642,'2021-12-16 17:45:00'),(643,'2021-12-16 18:45:00'),(644,'2021-12-16 19:45:00'),(645,'2021-12-16 20:45:00'),(646,'2021-12-16 21:45:00'),(647,'2021-12-16 22:45:00'),(648,'2021-12-16 23:45:00'),(649,'2021-12-17 00:45:00'),(650,'2021-12-17 01:45:00'),(651,'2021-12-17 02:45:00'),(652,'2021-12-17 03:45:00'),(653,'2021-12-17 04:45:00'),(654,'2021-12-17 05:45:00'),(655,'2021-12-17 06:45:00'),(656,'2021-12-17 07:45:00'),(657,'2021-12-17 08:45:00'),(658,'2021-12-17 09:45:00'),(659,'2021-12-17 10:45:00'),(660,'2021-12-17 11:45:00'),(661,'2021-12-17 12:45:00'),(662,'2021-12-17 13:45:00'),(663,'2021-12-17 14:45:00'),(664,'2021-12-17 15:45:00'),(665,'2021-12-17 16:45:00'),(666,'2021-12-17 17:45:00'),(667,'2021-12-17 18:45:00'),(668,'2021-12-17 19:45:00'),(669,'2021-12-17 20:45:00'),(670,'2021-12-17 21:45:00'),(671,'2021-12-17 22:45:00'),(672,'2021-12-17 23:45:00'),(673,'2021-12-18 00:45:00'),(674,'2021-12-18 01:45:00'),(675,'2021-12-18 02:45:00'),(676,'2021-12-18 03:45:00'),(677,'2021-12-18 04:45:00'),(678,'2021-12-18 05:45:00'),(679,'2021-12-18 06:45:00'),(680,'2021-12-18 07:45:00'),(681,'2021-12-18 08:45:00'),(682,'2021-12-18 09:45:00'),(683,'2021-12-18 10:45:00'),(684,'2021-12-18 11:45:00'),(685,'2021-12-18 12:45:00'),(686,'2021-12-18 13:45:00'),(687,'2021-12-18 14:45:00'),(688,'2021-12-18 15:45:00'),(689,'2021-12-18 16:45:00'),(690,'2021-12-18 17:45:00'),(691,'2021-12-18 18:45:00'),(692,'2021-12-18 19:45:00'),(693,'2021-12-18 20:45:00'),(694,'2021-12-18 21:45:00'),(695,'2021-12-18 22:45:00'),(696,'2021-12-18 23:45:00'),(697,'2021-12-19 00:45:00'),(698,'2021-12-19 01:45:00'),(699,'2021-12-19 02:45:00'),(700,'2021-12-19 03:45:00'),(701,'2021-12-19 04:45:00'),(702,'2021-12-19 05:45:00'),(703,'2021-12-19 06:45:00'),(704,'2021-12-19 07:45:00'),(705,'2021-12-19 08:45:00'),(706,'2021-12-19 09:45:00'),(707,'2021-12-19 10:45:00'),(708,'2021-12-19 11:45:00'),(709,'2021-12-19 12:45:00'),(710,'2021-12-19 13:45:00'),(711,'2021-12-19 14:45:00'),(712,'2021-12-19 15:45:00'),(713,'2021-12-19 16:45:00'),(714,'2021-12-19 17:45:00'),(715,'2021-12-19 18:45:00'),(716,'2021-12-19 19:45:00'),(717,'2021-12-19 20:45:00'),(718,'2021-12-19 21:45:00'),(719,'2021-12-19 22:45:00'),(720,'2021-12-19 23:45:00'),(721,'2021-12-20 00:45:00'),(722,'2021-12-20 01:45:00'),(723,'2021-12-20 02:45:00'),(724,'2021-12-20 03:45:00'),(725,'2021-12-20 04:45:00'),(726,'2021-12-20 05:45:00'),(727,'2021-12-20 06:45:00'),(728,'2021-12-20 07:45:00'),(729,'2021-12-20 08:45:00'),(730,'2021-12-20 09:45:00'),(731,'2021-12-20 10:45:00'),(732,'2021-12-20 11:45:00'),(733,'2021-12-20 12:45:00'),(734,'2021-12-20 13:45:00'),(735,'2021-12-20 14:45:00'),(736,'2021-12-20 15:45:00'),(737,'2021-12-20 16:45:00'),(738,'2021-12-20 17:45:00'),(739,'2021-12-20 18:45:00'),(740,'2021-12-20 19:45:00'),(741,'2021-12-20 20:45:00'),(742,'2021-12-20 21:45:00'),(743,'2021-12-20 22:45:00'),(744,'2021-12-20 23:45:00'),(745,'2021-12-21 00:45:00'),(746,'2021-12-21 01:45:00'),(747,'2021-12-21 02:45:00'),(748,'2021-12-21 03:45:00'),(749,'2021-12-21 04:45:00'),(750,'2021-12-21 05:45:00'),(751,'2021-12-21 06:45:00'),(752,'2021-12-21 07:45:00'),(753,'2021-12-21 08:45:00'),(754,'2021-12-21 09:45:00'),(755,'2021-12-21 10:45:00'),(756,'2021-12-21 11:45:00'),(757,'2021-12-21 12:45:00'),(758,'2021-12-21 13:45:00'),(759,'2021-12-21 14:45:00'),(760,'2021-12-21 15:45:00'),(761,'2021-12-21 16:45:00'),(762,'2021-12-21 17:45:00'),(763,'2021-12-21 18:45:00'),(764,'2021-12-21 19:45:00'),(765,'2021-12-21 20:45:00'),(766,'2021-12-21 21:45:00'),(767,'2021-12-21 22:45:00'),(768,'2021-12-21 23:45:00'),(769,'2021-12-22 00:45:00'),(770,'2021-12-22 01:45:00'),(771,'2021-12-22 02:45:00'),(772,'2021-12-22 03:45:00'),(773,'2021-12-22 04:45:00'),(774,'2021-12-22 05:45:00'),(775,'2021-12-22 06:45:00'),(776,'2021-12-22 07:45:00'),(777,'2021-12-22 08:45:00'),(778,'2021-12-22 09:45:00'),(779,'2021-12-22 10:45:00'),(780,'2021-12-22 11:45:00'),(781,'2021-12-22 12:45:00'),(782,'2021-12-22 13:45:00'),(783,'2021-12-22 14:45:00'),(784,'2021-12-22 15:45:00'),(785,'2021-12-22 16:45:00'),(786,'2021-12-22 17:45:00'),(787,'2021-12-22 18:45:00'),(788,'2021-12-22 19:45:00'),(789,'2021-12-22 20:45:00'),(790,'2021-12-22 21:45:00'),(791,'2021-12-22 22:45:00'),(792,'2021-12-22 23:45:00'),(793,'2021-12-23 00:45:00'),(794,'2021-12-23 01:45:00'),(795,'2021-12-23 02:45:00'),(796,'2021-12-23 03:45:00'),(797,'2021-12-23 04:45:00'),(798,'2021-12-23 05:45:00'),(799,'2021-12-23 06:45:00'),(800,'2021-12-23 07:45:00'),(801,'2021-12-23 08:45:00'),(802,'2021-12-23 09:45:00'),(803,'2021-12-23 10:45:00'),(804,'2021-12-23 11:45:00'),(805,'2021-12-23 12:45:00'),(806,'2021-12-23 13:45:00'),(807,'2021-12-23 14:45:00'),(808,'2021-12-23 15:45:00'),(809,'2021-12-23 16:45:00'),(810,'2021-12-23 17:45:00'),(811,'2021-12-23 18:45:00'),(812,'2021-12-23 19:45:00'),(813,'2021-12-23 20:45:00'),(814,'2021-12-23 21:45:00'),(815,'2021-12-23 22:45:00'),(816,'2021-12-23 23:45:00'),(817,'2021-12-24 00:45:00'),(818,'2021-12-24 01:45:00'),(819,'2021-12-24 02:45:00'),(820,'2021-12-24 03:45:00'),(821,'2021-12-24 04:45:00'),(822,'2021-12-24 05:45:00'),(823,'2021-12-24 06:45:00'),(824,'2021-12-24 07:45:00'),(825,'2021-12-24 08:45:00'),(826,'2021-12-24 09:45:00'),(827,'2021-12-24 10:45:00'),(828,'2021-12-24 11:45:00'),(829,'2021-12-24 12:45:00'),(830,'2021-12-24 13:45:00'),(831,'2021-12-24 14:45:00'),(832,'2021-12-24 15:45:00'),(833,'2021-12-24 16:45:00'),(834,'2021-12-24 17:45:00'),(835,'2021-12-24 18:45:00'),(836,'2021-12-24 19:45:00'),(837,'2021-12-24 20:45:00'),(838,'2021-12-24 21:45:00'),(839,'2021-12-24 22:45:00'),(840,'2021-12-24 23:45:00'),(841,'2021-12-25 00:45:00'),(842,'2021-12-25 01:45:00'),(843,'2021-12-25 02:45:00'),(844,'2021-12-25 03:45:00'),(845,'2021-12-25 04:45:00'),(846,'2021-12-25 05:45:00'),(847,'2021-12-25 06:45:00'),(848,'2021-12-25 07:45:00'),(849,'2021-12-25 08:45:00'),(850,'2021-12-25 09:45:00'),(851,'2021-12-25 10:45:00'),(852,'2021-12-25 11:45:00'),(853,'2021-12-25 12:45:00'),(854,'2021-12-25 13:45:00'),(855,'2021-12-25 14:45:00'),(856,'2021-12-25 15:45:00'),(857,'2021-12-25 16:45:00'),(858,'2021-12-25 17:45:00'),(859,'2021-12-25 18:45:00'),(860,'2021-12-25 19:45:00'),(861,'2021-12-25 20:45:00'),(862,'2021-12-25 21:45:00'),(863,'2021-12-25 22:45:00'),(864,'2021-12-25 23:45:00'),(865,'2021-12-26 00:45:00'),(866,'2021-12-26 01:45:00'),(867,'2021-12-26 02:45:00'),(868,'2021-12-26 03:45:00'),(869,'2021-12-26 04:45:00'),(870,'2021-12-26 05:45:00'),(871,'2021-12-26 06:45:00'),(872,'2021-12-26 07:45:00'),(873,'2021-12-26 08:45:00'),(874,'2021-12-26 09:45:00'),(875,'2021-12-26 10:45:00'),(876,'2021-12-26 11:45:00'),(877,'2021-12-26 12:45:00'),(878,'2021-12-26 13:45:00'),(879,'2021-12-26 14:45:00'),(880,'2021-12-26 15:45:00'),(881,'2021-12-26 16:45:00'),(882,'2021-12-26 17:45:00'),(883,'2021-12-26 18:45:00'),(884,'2021-12-26 19:45:00'),(885,'2021-12-26 20:45:00'),(886,'2021-12-26 21:45:00'),(887,'2021-12-26 22:45:00'),(888,'2021-12-26 23:45:00'),(889,'2021-12-27 00:45:00'),(890,'2021-12-27 01:45:00'),(891,'2021-12-27 02:45:00'),(892,'2021-12-27 03:45:00'),(893,'2021-12-27 04:45:00'),(894,'2021-12-27 05:45:00'),(895,'2021-12-27 06:45:00'),(896,'2021-12-27 07:45:00'),(897,'2021-12-27 08:45:00'),(898,'2021-12-27 09:45:00'),(899,'2021-12-27 10:45:00'),(900,'2021-12-27 11:45:00'),(901,'2021-12-27 12:45:00'),(902,'2021-12-27 13:45:00'),(903,'2021-12-27 14:45:00'),(904,'2021-12-27 15:45:00'),(905,'2021-12-27 16:45:00'),(906,'2021-12-27 17:45:00'),(907,'2021-12-27 18:45:00'),(908,'2021-12-27 19:45:00'),(909,'2021-12-27 20:45:00'),(910,'2021-12-27 21:45:00'),(911,'2021-12-27 22:45:00'),(912,'2021-12-27 23:45:00'),(913,'2021-12-28 00:45:00'),(914,'2021-12-28 01:45:00'),(915,'2021-12-28 02:45:00'),(916,'2021-12-28 03:45:00'),(917,'2021-12-28 04:45:00'),(918,'2021-12-28 05:45:00'),(919,'2021-12-28 06:45:00'),(920,'2021-12-28 07:45:00'),(921,'2021-12-28 08:45:00'),(922,'2021-12-28 09:45:00'),(923,'2021-12-28 10:45:00'),(924,'2021-12-28 11:45:00'),(925,'2021-12-28 12:45:00'),(926,'2021-12-28 13:45:00'),(927,'2021-12-28 14:45:00'),(928,'2021-12-28 15:45:00'),(929,'2021-12-28 16:45:00'),(930,'2021-12-28 17:45:00'),(931,'2021-12-28 18:45:00'),(932,'2021-12-28 19:45:00'),(933,'2021-12-28 20:45:00'),(934,'2021-12-28 21:45:00'),(935,'2021-12-28 22:45:00'),(936,'2021-12-28 23:45:00'),(937,'2021-12-29 00:45:00'),(938,'2021-12-29 01:45:00'),(939,'2021-12-29 02:45:00'),(940,'2021-12-29 03:45:00'),(941,'2021-12-29 04:45:00'),(942,'2021-12-29 05:45:00'),(943,'2021-12-29 06:45:00'),(944,'2021-12-29 07:45:00'),(945,'2021-12-29 08:45:00'),(946,'2021-12-29 09:45:00'),(947,'2021-12-29 10:45:00'),(948,'2021-12-29 11:45:00'),(949,'2021-12-29 12:45:00'),(950,'2021-12-29 13:45:00'),(951,'2021-12-29 14:45:00'),(952,'2021-12-29 15:45:00'),(953,'2021-12-29 16:45:00'),(954,'2021-12-29 17:45:00'),(955,'2021-12-29 18:45:00'),(956,'2021-12-29 19:45:00'),(957,'2021-12-29 20:45:00'),(958,'2021-12-29 21:45:00'),(959,'2021-12-29 22:45:00'),(960,'2021-12-29 23:45:00'),(961,'2021-12-30 00:45:00'),(962,'2021-12-30 01:45:00'),(963,'2021-12-30 02:45:00'),(964,'2021-12-30 03:45:00'),(965,'2021-12-30 04:45:00'),(966,'2021-12-30 05:45:00'),(967,'2021-12-30 06:45:00'),(968,'2021-12-30 07:45:00'),(969,'2021-12-30 08:45:00'),(970,'2021-12-30 09:45:00'),(971,'2021-12-30 10:45:00'),(972,'2021-12-30 11:45:00'),(973,'2021-12-30 12:45:00'),(974,'2021-12-30 13:45:00'),(975,'2021-12-30 14:45:00'),(976,'2021-12-30 15:45:00'),(977,'2021-12-30 16:45:00'),(978,'2021-12-30 17:45:00'),(979,'2021-12-30 18:45:00'),(980,'2021-12-30 19:45:00'),(981,'2021-12-30 20:45:00'),(982,'2021-12-30 21:45:00'),(983,'2021-12-30 22:45:00'),(984,'2021-12-30 23:45:00'),(985,'2021-12-31 00:45:00'),(986,'2021-12-31 01:45:00'),(987,'2021-12-31 02:45:00'),(988,'2021-12-31 03:45:00'),(989,'2021-12-31 04:45:00'),(990,'2021-12-31 05:45:00'),(991,'2021-12-31 06:45:00'),(992,'2021-12-31 07:45:00'),(993,'2021-12-31 08:45:00'),(994,'2021-12-31 09:45:00'),(995,'2021-12-31 10:45:00'),(996,'2021-12-31 11:45:00'),(997,'2021-12-31 12:45:00'),(998,'2021-12-31 13:45:00'),(999,'2021-12-31 14:45:00'),(1000,'2021-12-31 15:45:00'),(1001,'2021-12-31 16:45:00'),(1002,'2021-12-31 17:45:00'),(1003,'2021-12-31 18:45:00'),(1004,'2021-12-31 19:45:00'),(1005,'2021-12-31 20:45:00'),(1006,'2021-12-31 21:45:00'),(1007,'2021-12-31 22:45:00'),(1008,'2021-12-31 23:45:00'),(1009,'2021-11-20 00:27:00'),(1010,'2021-11-20 01:27:00'),(1011,'2021-11-20 02:27:00'),(1012,'2021-11-20 03:27:00'),(1013,'2021-11-20 04:27:00'),(1014,'2021-11-20 05:27:00'),(1015,'2021-11-20 06:27:00'),(1016,'2021-11-20 07:27:00'),(1017,'2021-11-20 08:27:00'),(1018,'2021-11-20 09:27:00'),(1019,'2021-11-20 10:27:00'),(1020,'2021-11-20 11:27:00'),(1021,'2021-11-20 12:27:00'),(1022,'2021-11-20 13:27:00'),(1023,'2021-11-20 14:27:00'),(1024,'2021-11-20 15:27:00'),(1025,'2021-11-20 16:27:00'),(1026,'2021-11-20 17:27:00'),(1027,'2021-11-20 18:27:00'),(1028,'2021-11-20 19:27:00'),(1029,'2021-11-20 20:27:00'),(1030,'2021-11-20 21:27:00'),(1031,'2021-11-20 22:27:00'),(1032,'2021-11-20 23:27:00'),(1033,'2021-11-21 00:27:00'),(1034,'2021-11-21 01:27:00'),(1035,'2021-11-21 02:27:00'),(1036,'2021-11-21 03:27:00'),(1037,'2021-11-21 04:27:00'),(1038,'2021-11-21 05:27:00'),(1039,'2021-11-21 06:27:00'),(1040,'2021-11-21 07:27:00'),(1041,'2021-11-21 08:27:00'),(1042,'2021-11-21 09:27:00'),(1043,'2021-11-21 10:27:00'),(1044,'2021-11-21 11:27:00'),(1045,'2021-11-21 12:27:00'),(1046,'2021-11-21 13:27:00'),(1047,'2021-11-21 14:27:00'),(1048,'2021-11-21 15:27:00'),(1049,'2021-11-21 16:27:00'),(1050,'2021-11-21 17:27:00'),(1051,'2021-11-21 18:27:00'),(1052,'2021-11-21 19:27:00'),(1053,'2021-11-21 20:27:00'),(1054,'2021-11-21 21:27:00'),(1055,'2021-11-21 22:27:00'),(1056,'2021-11-21 23:27:00'),(1057,'2021-11-22 00:27:00'),(1058,'2021-11-22 01:27:00'),(1059,'2021-11-22 02:27:00'),(1060,'2021-11-22 03:27:00'),(1061,'2021-11-22 04:27:00'),(1062,'2021-11-22 05:27:00'),(1063,'2021-11-22 06:27:00'),(1064,'2021-11-22 07:27:00'),(1065,'2021-11-22 08:27:00'),(1066,'2021-11-22 09:27:00'),(1067,'2021-11-22 10:27:00'),(1068,'2021-11-22 11:27:00'),(1069,'2021-11-22 12:27:00'),(1070,'2021-11-22 13:27:00'),(1071,'2021-11-22 14:27:00'),(1072,'2021-11-22 15:27:00'),(1073,'2021-11-22 16:27:00'),(1074,'2021-11-22 17:27:00'),(1075,'2021-11-22 18:27:00'),(1076,'2021-11-22 19:27:00'),(1077,'2021-11-22 20:27:00'),(1078,'2021-11-22 21:27:00'),(1079,'2021-11-22 22:27:00'),(1080,'2021-11-22 23:27:00'),(1081,'2021-11-23 00:27:00'),(1082,'2021-11-23 01:27:00'),(1083,'2021-11-23 02:27:00'),(1084,'2021-11-23 03:27:00'),(1085,'2021-11-23 04:27:00'),(1086,'2021-11-23 05:27:00'),(1087,'2021-11-23 06:27:00'),(1088,'2021-11-23 07:27:00'),(1089,'2021-11-23 08:27:00'),(1090,'2021-11-23 09:27:00'),(1091,'2021-11-23 10:27:00'),(1092,'2021-11-23 11:27:00'),(1093,'2021-11-23 12:27:00'),(1094,'2021-11-23 13:27:00'),(1095,'2021-11-23 14:27:00'),(1096,'2021-11-23 15:27:00'),(1097,'2021-11-23 16:27:00'),(1098,'2021-11-23 17:27:00'),(1099,'2021-11-23 18:27:00'),(1100,'2021-11-23 19:27:00'),(1101,'2021-11-23 20:27:00'),(1102,'2021-11-23 21:27:00'),(1103,'2021-11-23 22:27:00'),(1104,'2021-11-23 23:27:00'),(1105,'2021-11-24 00:27:00'),(1106,'2021-11-24 01:27:00'),(1107,'2021-11-24 02:27:00'),(1108,'2021-11-24 03:27:00'),(1109,'2021-11-24 04:27:00'),(1110,'2021-11-24 05:27:00'),(1111,'2021-11-24 06:27:00'),(1112,'2021-11-24 07:27:00'),(1113,'2021-11-24 08:27:00'),(1114,'2021-11-24 09:27:00'),(1115,'2021-11-24 10:27:00'),(1116,'2021-11-24 11:27:00'),(1117,'2021-11-24 12:27:00'),(1118,'2021-11-24 13:27:00'),(1119,'2021-11-24 14:27:00'),(1120,'2021-11-24 15:27:00'),(1121,'2021-11-24 16:27:00'),(1122,'2021-11-24 17:27:00'),(1123,'2021-11-24 18:27:00'),(1124,'2021-11-24 19:27:00'),(1125,'2021-11-24 20:27:00'),(1126,'2021-11-24 21:27:00'),(1127,'2021-11-24 22:27:00'),(1128,'2021-11-24 23:27:00'),(1129,'2021-11-25 00:27:00'),(1130,'2021-11-25 01:27:00'),(1131,'2021-11-25 02:27:00'),(1132,'2021-11-25 03:27:00'),(1133,'2021-11-25 04:27:00'),(1134,'2021-11-25 05:27:00'),(1135,'2021-11-25 06:27:00'),(1136,'2021-11-25 07:27:00'),(1137,'2021-11-25 08:27:00'),(1138,'2021-11-25 09:27:00'),(1139,'2021-11-25 10:27:00'),(1140,'2021-11-25 11:27:00'),(1141,'2021-11-25 12:27:00'),(1142,'2021-11-25 13:27:00'),(1143,'2021-11-25 14:27:00'),(1144,'2021-11-25 15:27:00'),(1145,'2021-11-25 16:27:00'),(1146,'2021-11-25 17:27:00'),(1147,'2021-11-25 18:27:00'),(1148,'2021-11-25 19:27:00'),(1149,'2021-11-25 20:27:00'),(1150,'2021-11-25 21:27:00'),(1151,'2021-11-25 22:27:00'),(1152,'2021-11-25 23:27:00'),(1153,'2021-11-26 00:27:00'),(1154,'2021-11-26 01:27:00'),(1155,'2021-11-26 02:27:00'),(1156,'2021-11-26 03:27:00'),(1157,'2021-11-26 04:27:00'),(1158,'2021-11-26 05:27:00'),(1159,'2021-11-26 06:27:00'),(1160,'2021-11-26 07:27:00'),(1161,'2021-11-26 08:27:00'),(1162,'2021-11-26 09:27:00'),(1163,'2021-11-26 10:27:00'),(1164,'2021-11-26 11:27:00'),(1165,'2021-11-26 12:27:00'),(1166,'2021-11-26 13:27:00'),(1167,'2021-11-26 14:27:00'),(1168,'2021-11-26 15:27:00'),(1169,'2021-11-26 16:27:00'),(1170,'2021-11-26 17:27:00'),(1171,'2021-11-26 18:27:00'),(1172,'2021-11-26 19:27:00'),(1173,'2021-11-26 20:27:00'),(1174,'2021-11-26 21:27:00'),(1175,'2021-11-26 22:27:00'),(1176,'2021-11-26 23:27:00'),(1177,'2021-11-27 00:27:00'),(1178,'2021-11-27 01:27:00'),(1179,'2021-11-27 02:27:00'),(1180,'2021-11-27 03:27:00'),(1181,'2021-11-27 04:27:00'),(1182,'2021-11-27 05:27:00'),(1183,'2021-11-27 06:27:00'),(1184,'2021-11-27 07:27:00'),(1185,'2021-11-27 08:27:00'),(1186,'2021-11-27 09:27:00'),(1187,'2021-11-27 10:27:00'),(1188,'2021-11-27 11:27:00'),(1189,'2021-11-27 12:27:00'),(1190,'2021-11-27 13:27:00'),(1191,'2021-11-27 14:27:00'),(1192,'2021-11-27 15:27:00'),(1193,'2021-11-27 16:27:00'),(1194,'2021-11-27 17:27:00'),(1195,'2021-11-27 18:27:00'),(1196,'2021-11-27 19:27:00'),(1197,'2021-11-27 20:27:00'),(1198,'2021-11-27 21:27:00'),(1199,'2021-11-27 22:27:00'),(1200,'2021-11-27 23:27:00'),(1201,'2021-11-28 00:27:00'),(1202,'2021-11-28 01:27:00'),(1203,'2021-11-28 02:27:00'),(1204,'2021-11-28 03:27:00'),(1205,'2021-11-28 04:27:00'),(1206,'2021-11-28 05:27:00'),(1207,'2021-11-28 06:27:00'),(1208,'2021-11-28 07:27:00'),(1209,'2021-11-28 08:27:00'),(1210,'2021-11-28 09:27:00'),(1211,'2021-11-28 10:27:00'),(1212,'2021-11-28 11:27:00'),(1213,'2021-11-28 12:27:00'),(1214,'2021-11-28 13:27:00'),(1215,'2021-11-28 14:27:00'),(1216,'2021-11-28 15:27:00'),(1217,'2021-11-28 16:27:00'),(1218,'2021-11-28 17:27:00'),(1219,'2021-11-28 18:27:00'),(1220,'2021-11-28 19:27:00'),(1221,'2021-11-28 20:27:00'),(1222,'2021-11-28 21:27:00'),(1223,'2021-11-28 22:27:00'),(1224,'2021-11-28 23:27:00'),(1225,'2021-11-29 00:27:00'),(1226,'2021-11-29 01:27:00'),(1227,'2021-11-29 02:27:00'),(1228,'2021-11-29 03:27:00'),(1229,'2021-11-29 04:27:00'),(1230,'2021-11-29 05:27:00'),(1231,'2021-11-29 06:27:00'),(1232,'2021-11-29 07:27:00'),(1233,'2021-11-29 08:27:00'),(1234,'2021-11-29 09:27:00'),(1235,'2021-11-29 10:27:00'),(1236,'2021-11-29 11:27:00'),(1237,'2021-11-29 12:27:00'),(1238,'2021-11-29 13:27:00'),(1239,'2021-11-29 14:27:00'),(1240,'2021-11-29 15:27:00'),(1241,'2021-11-29 16:27:00'),(1242,'2021-11-29 17:27:00'),(1243,'2021-11-29 18:27:00'),(1244,'2021-11-29 19:27:00'),(1245,'2021-11-29 20:27:00'),(1246,'2021-11-29 21:27:00'),(1247,'2021-11-29 22:27:00'),(1248,'2021-11-29 23:27:00'),(1249,'2021-11-30 00:27:00'),(1250,'2021-11-30 01:27:00'),(1251,'2021-11-30 02:27:00'),(1252,'2021-11-30 03:27:00'),(1253,'2021-11-30 04:27:00'),(1254,'2021-11-30 05:27:00'),(1255,'2021-11-30 06:27:00'),(1256,'2021-11-30 07:27:00'),(1257,'2021-11-30 08:27:00'),(1258,'2021-11-30 09:27:00'),(1259,'2021-11-30 10:27:00'),(1260,'2021-11-30 11:27:00'),(1261,'2021-11-30 12:27:00'),(1262,'2021-11-30 13:27:00'),(1263,'2021-11-30 14:27:00'),(1264,'2021-11-30 15:27:00'),(1265,'2021-11-30 16:27:00'),(1266,'2021-11-30 17:27:00'),(1267,'2021-11-30 18:27:00'),(1268,'2021-11-30 19:27:00'),(1269,'2021-11-30 20:27:00'),(1270,'2021-11-30 21:27:00'),(1271,'2021-11-30 22:27:00'),(1272,'2021-11-30 23:27:00'),(1273,'2021-12-01 00:27:00'),(1274,'2021-12-01 01:27:00'),(1275,'2021-12-01 02:27:00'),(1276,'2021-12-01 03:27:00'),(1277,'2021-12-01 04:27:00'),(1278,'2021-12-01 05:27:00'),(1279,'2021-12-01 06:27:00'),(1280,'2021-12-01 07:27:00'),(1281,'2021-12-01 08:27:00'),(1282,'2021-12-01 09:27:00'),(1283,'2021-12-01 10:27:00'),(1284,'2021-12-01 11:27:00'),(1285,'2021-12-01 12:27:00'),(1286,'2021-12-01 13:27:00'),(1287,'2021-12-01 14:27:00'),(1288,'2021-12-01 15:27:00'),(1289,'2021-12-01 16:27:00'),(1290,'2021-12-01 17:27:00'),(1291,'2021-12-01 18:27:00'),(1292,'2021-12-01 19:27:00'),(1293,'2021-12-01 20:27:00'),(1294,'2021-12-01 21:27:00'),(1295,'2021-12-01 22:27:00'),(1296,'2021-12-01 23:27:00'),(1297,'2021-12-02 00:27:00'),(1298,'2021-12-02 01:27:00'),(1299,'2021-12-02 02:27:00'),(1300,'2021-12-02 03:27:00'),(1301,'2021-12-02 04:27:00'),(1302,'2021-12-02 05:27:00'),(1303,'2021-12-02 06:27:00'),(1304,'2021-12-02 07:27:00'),(1305,'2021-12-02 08:27:00'),(1306,'2021-12-02 09:27:00'),(1307,'2021-12-02 10:27:00'),(1308,'2021-12-02 11:27:00'),(1309,'2021-12-02 12:27:00'),(1310,'2021-12-02 13:27:00'),(1311,'2021-12-02 14:27:00'),(1312,'2021-12-02 15:27:00'),(1313,'2021-12-02 16:27:00'),(1314,'2021-12-02 17:27:00'),(1315,'2021-12-02 18:27:00'),(1316,'2021-12-02 19:27:00'),(1317,'2021-12-02 20:27:00'),(1318,'2021-12-02 21:27:00'),(1319,'2021-12-02 22:27:00'),(1320,'2021-12-02 23:27:00'),(1321,'2021-12-03 00:27:00'),(1322,'2021-12-03 01:27:00'),(1323,'2021-12-03 02:27:00'),(1324,'2021-12-03 03:27:00'),(1325,'2021-12-03 04:27:00'),(1326,'2021-12-03 05:27:00'),(1327,'2021-12-03 06:27:00'),(1328,'2021-12-03 07:27:00'),(1329,'2021-12-03 08:27:00'),(1330,'2021-12-03 09:27:00'),(1331,'2021-12-03 10:27:00'),(1332,'2021-12-03 11:27:00'),(1333,'2021-12-03 12:27:00'),(1334,'2021-12-03 13:27:00'),(1335,'2021-12-03 14:27:00'),(1336,'2021-12-03 15:27:00'),(1337,'2021-12-03 16:27:00'),(1338,'2021-12-03 17:27:00'),(1339,'2021-12-03 18:27:00'),(1340,'2021-12-03 19:27:00'),(1341,'2021-12-03 20:27:00'),(1342,'2021-12-03 21:27:00'),(1343,'2021-12-03 22:27:00'),(1344,'2021-12-03 23:27:00'),(1345,'2021-12-04 00:27:00'),(1346,'2021-12-04 01:27:00'),(1347,'2021-12-04 02:27:00'),(1348,'2021-12-04 03:27:00'),(1349,'2021-12-04 04:27:00'),(1350,'2021-12-04 05:27:00'),(1351,'2021-12-04 06:27:00'),(1352,'2021-12-04 07:27:00'),(1353,'2021-12-04 08:27:00'),(1354,'2021-12-04 09:27:00'),(1355,'2021-12-04 10:27:00'),(1356,'2021-12-04 11:27:00'),(1357,'2021-12-04 12:27:00'),(1358,'2021-12-04 13:27:00'),(1359,'2021-12-04 14:27:00'),(1360,'2021-12-04 15:27:00'),(1361,'2021-12-04 16:27:00'),(1362,'2021-12-04 17:27:00'),(1363,'2021-12-04 18:27:00'),(1364,'2021-12-04 19:27:00'),(1365,'2021-12-04 20:27:00'),(1366,'2021-12-04 21:27:00'),(1367,'2021-12-04 22:27:00'),(1368,'2021-12-04 23:27:00'),(1369,'2021-12-05 00:27:00'),(1370,'2021-12-05 01:27:00'),(1371,'2021-12-05 02:27:00'),(1372,'2021-12-05 03:27:00'),(1373,'2021-12-05 04:27:00'),(1374,'2021-12-05 05:27:00'),(1375,'2021-12-05 06:27:00'),(1376,'2021-12-05 07:27:00'),(1377,'2021-12-05 08:27:00'),(1378,'2021-12-05 09:27:00'),(1379,'2021-12-05 10:27:00'),(1380,'2021-12-05 11:27:00'),(1381,'2021-12-05 12:27:00'),(1382,'2021-12-05 13:27:00'),(1383,'2021-12-05 14:27:00'),(1384,'2021-12-05 15:27:00'),(1385,'2021-12-05 16:27:00'),(1386,'2021-12-05 17:27:00'),(1387,'2021-12-05 18:27:00'),(1388,'2021-12-05 19:27:00'),(1389,'2021-12-05 20:27:00'),(1390,'2021-12-05 21:27:00'),(1391,'2021-12-05 22:27:00'),(1392,'2021-12-05 23:27:00'),(1393,'2021-12-06 00:27:00'),(1394,'2021-12-06 01:27:00'),(1395,'2021-12-06 02:27:00'),(1396,'2021-12-06 03:27:00'),(1397,'2021-12-06 04:27:00'),(1398,'2021-12-06 05:27:00'),(1399,'2021-12-06 06:27:00'),(1400,'2021-12-06 07:27:00'),(1401,'2021-12-06 08:27:00'),(1402,'2021-12-06 09:27:00'),(1403,'2021-12-06 10:27:00'),(1404,'2021-12-06 11:27:00'),(1405,'2021-12-06 12:27:00'),(1406,'2021-12-06 13:27:00'),(1407,'2021-12-06 14:27:00'),(1408,'2021-12-06 15:27:00'),(1409,'2021-12-06 16:27:00'),(1410,'2021-12-06 17:27:00'),(1411,'2021-12-06 18:27:00'),(1412,'2021-12-06 19:27:00'),(1413,'2021-12-06 20:27:00'),(1414,'2021-12-06 21:27:00'),(1415,'2021-12-06 22:27:00'),(1416,'2021-12-06 23:27:00'),(1417,'2021-12-07 00:27:00'),(1418,'2021-12-07 01:27:00'),(1419,'2021-12-07 02:27:00'),(1420,'2021-12-07 03:27:00'),(1421,'2021-12-07 04:27:00'),(1422,'2021-12-07 05:27:00'),(1423,'2021-12-07 06:27:00'),(1424,'2021-12-07 07:27:00'),(1425,'2021-12-07 08:27:00'),(1426,'2021-12-07 09:27:00'),(1427,'2021-12-07 10:27:00'),(1428,'2021-12-07 11:27:00'),(1429,'2021-12-07 12:27:00'),(1430,'2021-12-07 13:27:00'),(1431,'2021-12-07 14:27:00'),(1432,'2021-12-07 15:27:00'),(1433,'2021-12-07 16:27:00'),(1434,'2021-12-07 17:27:00'),(1435,'2021-12-07 18:27:00'),(1436,'2021-12-07 19:27:00'),(1437,'2021-12-07 20:27:00'),(1438,'2021-12-07 21:27:00'),(1439,'2021-12-07 22:27:00'),(1440,'2021-12-07 23:27:00'),(1441,'2021-12-08 00:27:00'),(1442,'2021-12-08 01:27:00'),(1443,'2021-12-08 02:27:00'),(1444,'2021-12-08 03:27:00'),(1445,'2021-12-08 04:27:00'),(1446,'2021-12-08 05:27:00'),(1447,'2021-12-08 06:27:00'),(1448,'2021-12-08 07:27:00'),(1449,'2021-12-08 08:27:00'),(1450,'2021-12-08 09:27:00'),(1451,'2021-12-08 10:27:00'),(1452,'2021-12-08 11:27:00'),(1453,'2021-12-08 12:27:00'),(1454,'2021-12-08 13:27:00'),(1455,'2021-12-08 14:27:00'),(1456,'2021-12-08 15:27:00'),(1457,'2021-12-08 16:27:00'),(1458,'2021-12-08 17:27:00'),(1459,'2021-12-08 18:27:00'),(1460,'2021-12-08 19:27:00'),(1461,'2021-12-08 20:27:00'),(1462,'2021-12-08 21:27:00'),(1463,'2021-12-08 22:27:00'),(1464,'2021-12-08 23:27:00'),(1465,'2021-12-09 00:27:00'),(1466,'2021-12-09 01:27:00'),(1467,'2021-12-09 02:27:00'),(1468,'2021-12-09 03:27:00'),(1469,'2021-12-09 04:27:00'),(1470,'2021-12-09 05:27:00'),(1471,'2021-12-09 06:27:00'),(1472,'2021-12-09 07:27:00'),(1473,'2021-12-09 08:27:00'),(1474,'2021-12-09 09:27:00'),(1475,'2021-12-09 10:27:00'),(1476,'2021-12-09 11:27:00'),(1477,'2021-12-09 12:27:00'),(1478,'2021-12-09 13:27:00'),(1479,'2021-12-09 14:27:00'),(1480,'2021-12-09 15:27:00'),(1481,'2021-12-09 16:27:00'),(1482,'2021-12-09 17:27:00'),(1483,'2021-12-09 18:27:00'),(1484,'2021-12-09 19:27:00'),(1485,'2021-12-09 20:27:00'),(1486,'2021-12-09 21:27:00'),(1487,'2021-12-09 22:27:00'),(1488,'2021-12-09 23:27:00'),(1489,'2021-12-10 00:27:00'),(1490,'2021-12-10 01:27:00'),(1491,'2021-12-10 02:27:00'),(1492,'2021-12-10 03:27:00'),(1493,'2021-12-10 04:27:00'),(1494,'2021-12-10 05:27:00'),(1495,'2021-12-10 06:27:00'),(1496,'2021-12-10 07:27:00'),(1497,'2021-12-10 08:27:00'),(1498,'2021-12-10 09:27:00'),(1499,'2021-12-10 10:27:00'),(1500,'2021-12-10 11:27:00'),(1501,'2021-12-10 12:27:00'),(1502,'2021-12-10 13:27:00'),(1503,'2021-12-10 14:27:00'),(1504,'2021-12-10 15:27:00'),(1505,'2021-12-10 16:27:00'),(1506,'2021-12-10 17:27:00'),(1507,'2021-12-10 18:27:00'),(1508,'2021-12-10 19:27:00'),(1509,'2021-12-10 20:27:00'),(1510,'2021-12-10 21:27:00'),(1511,'2021-12-10 22:27:00'),(1512,'2021-12-10 23:27:00'),(1513,'2021-12-11 00:27:00'),(1514,'2021-12-11 01:27:00'),(1515,'2021-12-11 02:27:00'),(1516,'2021-12-11 03:27:00'),(1517,'2021-12-11 04:27:00'),(1518,'2021-12-11 05:27:00'),(1519,'2021-12-11 06:27:00'),(1520,'2021-12-11 07:27:00'),(1521,'2021-12-11 08:27:00'),(1522,'2021-12-11 09:27:00'),(1523,'2021-12-11 10:27:00'),(1524,'2021-12-11 11:27:00'),(1525,'2021-12-11 12:27:00'),(1526,'2021-12-11 13:27:00'),(1527,'2021-12-11 14:27:00'),(1528,'2021-12-11 15:27:00'),(1529,'2021-12-11 16:27:00'),(1530,'2021-12-11 17:27:00'),(1531,'2021-12-11 18:27:00'),(1532,'2021-12-11 19:27:00'),(1533,'2021-12-11 20:27:00'),(1534,'2021-12-11 21:27:00'),(1535,'2021-12-11 22:27:00'),(1536,'2021-12-11 23:27:00'),(1537,'2021-12-12 00:27:00'),(1538,'2021-12-12 01:27:00'),(1539,'2021-12-12 02:27:00'),(1540,'2021-12-12 03:27:00'),(1541,'2021-12-12 04:27:00'),(1542,'2021-12-12 05:27:00'),(1543,'2021-12-12 06:27:00'),(1544,'2021-12-12 07:27:00'),(1545,'2021-12-12 08:27:00'),(1546,'2021-12-12 09:27:00'),(1547,'2021-12-12 10:27:00'),(1548,'2021-12-12 11:27:00'),(1549,'2021-12-12 12:27:00'),(1550,'2021-12-12 13:27:00'),(1551,'2021-12-12 14:27:00'),(1552,'2021-12-12 15:27:00'),(1553,'2021-12-12 16:27:00'),(1554,'2021-12-12 17:27:00'),(1555,'2021-12-12 18:27:00'),(1556,'2021-12-12 19:27:00'),(1557,'2021-12-12 20:27:00'),(1558,'2021-12-12 21:27:00'),(1559,'2021-12-12 22:27:00'),(1560,'2021-12-12 23:27:00'),(1561,'2021-12-13 00:27:00'),(1562,'2021-12-13 01:27:00'),(1563,'2021-12-13 02:27:00'),(1564,'2021-12-13 03:27:00'),(1565,'2021-12-13 04:27:00'),(1566,'2021-12-13 05:27:00'),(1567,'2021-12-13 06:27:00'),(1568,'2021-12-13 07:27:00'),(1569,'2021-12-13 08:27:00'),(1570,'2021-12-13 09:27:00'),(1571,'2021-12-13 10:27:00'),(1572,'2021-12-13 11:27:00'),(1573,'2021-12-13 12:27:00'),(1574,'2021-12-13 13:27:00'),(1575,'2021-12-13 14:27:00'),(1576,'2021-12-13 15:27:00'),(1577,'2021-12-13 16:27:00'),(1578,'2021-12-13 17:27:00'),(1579,'2021-12-13 18:27:00'),(1580,'2021-12-13 19:27:00'),(1581,'2021-12-13 20:27:00'),(1582,'2021-12-13 21:27:00'),(1583,'2021-12-13 22:27:00'),(1584,'2021-12-13 23:27:00'),(1585,'2021-12-14 00:27:00'),(1586,'2021-12-14 01:27:00'),(1587,'2021-12-14 02:27:00'),(1588,'2021-12-14 03:27:00'),(1589,'2021-12-14 04:27:00'),(1590,'2021-12-14 05:27:00'),(1591,'2021-12-14 06:27:00'),(1592,'2021-12-14 07:27:00'),(1593,'2021-12-14 08:27:00'),(1594,'2021-12-14 09:27:00'),(1595,'2021-12-14 10:27:00'),(1596,'2021-12-14 11:27:00'),(1597,'2021-12-14 12:27:00'),(1598,'2021-12-14 13:27:00'),(1599,'2021-12-14 14:27:00'),(1600,'2021-12-14 15:27:00'),(1601,'2021-12-14 16:27:00'),(1602,'2021-12-14 17:27:00'),(1603,'2021-12-14 18:27:00'),(1604,'2021-12-14 19:27:00'),(1605,'2021-12-14 20:27:00'),(1606,'2021-12-14 21:27:00'),(1607,'2021-12-14 22:27:00'),(1608,'2021-12-14 23:27:00'),(1609,'2021-12-15 00:27:00'),(1610,'2021-12-15 01:27:00'),(1611,'2021-12-15 02:27:00'),(1612,'2021-12-15 03:27:00'),(1613,'2021-12-15 04:27:00'),(1614,'2021-12-15 05:27:00'),(1615,'2021-12-15 06:27:00'),(1616,'2021-12-15 07:27:00'),(1617,'2021-12-15 08:27:00'),(1618,'2021-12-15 09:27:00'),(1619,'2021-12-15 10:27:00'),(1620,'2021-12-15 11:27:00'),(1621,'2021-12-15 12:27:00'),(1622,'2021-12-15 13:27:00'),(1623,'2021-12-15 14:27:00'),(1624,'2021-12-15 15:27:00'),(1625,'2021-12-15 16:27:00'),(1626,'2021-12-15 17:27:00'),(1627,'2021-12-15 18:27:00'),(1628,'2021-12-15 19:27:00'),(1629,'2021-12-15 20:27:00'),(1630,'2021-12-15 21:27:00'),(1631,'2021-12-15 22:27:00'),(1632,'2021-12-15 23:27:00'),(1633,'2021-12-16 00:27:00'),(1634,'2021-12-16 01:27:00'),(1635,'2021-12-16 02:27:00'),(1636,'2021-12-16 03:27:00'),(1637,'2021-12-16 04:27:00'),(1638,'2021-12-16 05:27:00'),(1639,'2021-12-16 06:27:00'),(1640,'2021-12-16 07:27:00'),(1641,'2021-12-16 08:27:00'),(1642,'2021-12-16 09:27:00'),(1643,'2021-12-16 10:27:00'),(1644,'2021-12-16 11:27:00'),(1645,'2021-12-16 12:27:00'),(1646,'2021-12-16 13:27:00'),(1647,'2021-12-16 14:27:00'),(1648,'2021-12-16 15:27:00'),(1649,'2021-12-16 16:27:00'),(1650,'2021-12-16 17:27:00'),(1651,'2021-12-16 18:27:00'),(1652,'2021-12-16 19:27:00'),(1653,'2021-12-16 20:27:00'),(1654,'2021-12-16 21:27:00'),(1655,'2021-12-16 22:27:00'),(1656,'2021-12-16 23:27:00'),(1657,'2021-12-17 00:27:00'),(1658,'2021-12-17 01:27:00'),(1659,'2021-12-17 02:27:00'),(1660,'2021-12-17 03:27:00'),(1661,'2021-12-17 04:27:00'),(1662,'2021-12-17 05:27:00'),(1663,'2021-12-17 06:27:00'),(1664,'2021-12-17 07:27:00'),(1665,'2021-12-17 08:27:00'),(1666,'2021-12-17 09:27:00'),(1667,'2021-12-17 10:27:00'),(1668,'2021-12-17 11:27:00'),(1669,'2021-12-17 12:27:00'),(1670,'2021-12-17 13:27:00'),(1671,'2021-12-17 14:27:00'),(1672,'2021-12-17 15:27:00'),(1673,'2021-12-17 16:27:00'),(1674,'2021-12-17 17:27:00'),(1675,'2021-12-17 18:27:00'),(1676,'2021-12-17 19:27:00'),(1677,'2021-12-17 20:27:00'),(1678,'2021-12-17 21:27:00'),(1679,'2021-12-17 22:27:00'),(1680,'2021-12-17 23:27:00'),(1681,'2021-12-18 00:27:00'),(1682,'2021-12-18 01:27:00'),(1683,'2021-12-18 02:27:00'),(1684,'2021-12-18 03:27:00'),(1685,'2021-12-18 04:27:00'),(1686,'2021-12-18 05:27:00'),(1687,'2021-12-18 06:27:00'),(1688,'2021-12-18 07:27:00'),(1689,'2021-12-18 08:27:00'),(1690,'2021-12-18 09:27:00'),(1691,'2021-12-18 10:27:00'),(1692,'2021-12-18 11:27:00'),(1693,'2021-12-18 12:27:00'),(1694,'2021-12-18 13:27:00'),(1695,'2021-12-18 14:27:00'),(1696,'2021-12-18 15:27:00'),(1697,'2021-12-18 16:27:00'),(1698,'2021-12-18 17:27:00'),(1699,'2021-12-18 18:27:00'),(1700,'2021-12-18 19:27:00'),(1701,'2021-12-18 20:27:00'),(1702,'2021-12-18 21:27:00'),(1703,'2021-12-18 22:27:00'),(1704,'2021-12-18 23:27:00'),(1705,'2021-12-19 00:27:00'),(1706,'2021-12-19 01:27:00'),(1707,'2021-12-19 02:27:00'),(1708,'2021-12-19 03:27:00'),(1709,'2021-12-19 04:27:00'),(1710,'2021-12-19 05:27:00'),(1711,'2021-12-19 06:27:00'),(1712,'2021-12-19 07:27:00'),(1713,'2021-12-19 08:27:00'),(1714,'2021-12-19 09:27:00'),(1715,'2021-12-19 10:27:00'),(1716,'2021-12-19 11:27:00'),(1717,'2021-12-19 12:27:00'),(1718,'2021-12-19 13:27:00'),(1719,'2021-12-19 14:27:00'),(1720,'2021-12-19 15:27:00'),(1721,'2021-12-19 16:27:00'),(1722,'2021-12-19 17:27:00'),(1723,'2021-12-19 18:27:00'),(1724,'2021-12-19 19:27:00'),(1725,'2021-12-19 20:27:00'),(1726,'2021-12-19 21:27:00'),(1727,'2021-12-19 22:27:00'),(1728,'2021-12-19 23:27:00'),(1729,'2021-12-20 00:27:00'),(1730,'2021-12-20 01:27:00'),(1731,'2021-12-20 02:27:00'),(1732,'2021-12-20 03:27:00'),(1733,'2021-12-20 04:27:00'),(1734,'2021-12-20 05:27:00'),(1735,'2021-12-20 06:27:00'),(1736,'2021-12-20 07:27:00'),(1737,'2021-12-20 08:27:00'),(1738,'2021-12-20 09:27:00'),(1739,'2021-12-20 10:27:00'),(1740,'2021-12-20 11:27:00'),(1741,'2021-12-20 12:27:00'),(1742,'2021-12-20 13:27:00'),(1743,'2021-12-20 14:27:00'),(1744,'2021-12-20 15:27:00'),(1745,'2021-12-20 16:27:00'),(1746,'2021-12-20 17:27:00'),(1747,'2021-12-20 18:27:00'),(1748,'2021-12-20 19:27:00'),(1749,'2021-12-20 20:27:00'),(1750,'2021-12-20 21:27:00'),(1751,'2021-12-20 22:27:00'),(1752,'2021-12-20 23:27:00'),(1753,'2021-12-21 00:27:00'),(1754,'2021-12-21 01:27:00'),(1755,'2021-12-21 02:27:00'),(1756,'2021-12-21 03:27:00'),(1757,'2021-12-21 04:27:00'),(1758,'2021-12-21 05:27:00'),(1759,'2021-12-21 06:27:00'),(1760,'2021-12-21 07:27:00'),(1761,'2021-12-21 08:27:00'),(1762,'2021-12-21 09:27:00'),(1763,'2021-12-21 10:27:00'),(1764,'2021-12-21 11:27:00'),(1765,'2021-12-21 12:27:00'),(1766,'2021-12-21 13:27:00'),(1767,'2021-12-21 14:27:00'),(1768,'2021-12-21 15:27:00'),(1769,'2021-12-21 16:27:00'),(1770,'2021-12-21 17:27:00'),(1771,'2021-12-21 18:27:00'),(1772,'2021-12-21 19:27:00'),(1773,'2021-12-21 20:27:00'),(1774,'2021-12-21 21:27:00'),(1775,'2021-12-21 22:27:00'),(1776,'2021-12-21 23:27:00'),(1777,'2021-12-22 00:27:00'),(1778,'2021-12-22 01:27:00'),(1779,'2021-12-22 02:27:00'),(1780,'2021-12-22 03:27:00'),(1781,'2021-12-22 04:27:00'),(1782,'2021-12-22 05:27:00'),(1783,'2021-12-22 06:27:00'),(1784,'2021-12-22 07:27:00'),(1785,'2021-12-22 08:27:00'),(1786,'2021-12-22 09:27:00'),(1787,'2021-12-22 10:27:00'),(1788,'2021-12-22 11:27:00'),(1789,'2021-12-22 12:27:00'),(1790,'2021-12-22 13:27:00'),(1791,'2021-12-22 14:27:00'),(1792,'2021-12-22 15:27:00'),(1793,'2021-12-22 16:27:00'),(1794,'2021-12-22 17:27:00'),(1795,'2021-12-22 18:27:00'),(1796,'2021-12-22 19:27:00'),(1797,'2021-12-22 20:27:00'),(1798,'2021-12-22 21:27:00'),(1799,'2021-12-22 22:27:00'),(1800,'2021-12-22 23:27:00'),(1801,'2021-12-23 00:27:00'),(1802,'2021-12-23 01:27:00'),(1803,'2021-12-23 02:27:00'),(1804,'2021-12-23 03:27:00'),(1805,'2021-12-23 04:27:00'),(1806,'2021-12-23 05:27:00'),(1807,'2021-12-23 06:27:00'),(1808,'2021-12-23 07:27:00'),(1809,'2021-12-23 08:27:00'),(1810,'2021-12-23 09:27:00'),(1811,'2021-12-23 10:27:00'),(1812,'2021-12-23 11:27:00'),(1813,'2021-12-23 12:27:00'),(1814,'2021-12-23 13:27:00'),(1815,'2021-12-23 14:27:00'),(1816,'2021-12-23 15:27:00'),(1817,'2021-12-23 16:27:00'),(1818,'2021-12-23 17:27:00'),(1819,'2021-12-23 18:27:00'),(1820,'2021-12-23 19:27:00'),(1821,'2021-12-23 20:27:00'),(1822,'2021-12-23 21:27:00'),(1823,'2021-12-23 22:27:00'),(1824,'2021-12-23 23:27:00'),(1825,'2021-12-24 00:27:00'),(1826,'2021-12-24 01:27:00'),(1827,'2021-12-24 02:27:00'),(1828,'2021-12-24 03:27:00'),(1829,'2021-12-24 04:27:00'),(1830,'2021-12-24 05:27:00'),(1831,'2021-12-24 06:27:00'),(1832,'2021-12-24 07:27:00'),(1833,'2021-12-24 08:27:00'),(1834,'2021-12-24 09:27:00'),(1835,'2021-12-24 10:27:00'),(1836,'2021-12-24 11:27:00'),(1837,'2021-12-24 12:27:00'),(1838,'2021-12-24 13:27:00'),(1839,'2021-12-24 14:27:00'),(1840,'2021-12-24 15:27:00'),(1841,'2021-12-24 16:27:00'),(1842,'2021-12-24 17:27:00'),(1843,'2021-12-24 18:27:00'),(1844,'2021-12-24 19:27:00'),(1845,'2021-12-24 20:27:00'),(1846,'2021-12-24 21:27:00'),(1847,'2021-12-24 22:27:00'),(1848,'2021-12-24 23:27:00'),(1849,'2021-12-25 00:27:00'),(1850,'2021-12-25 01:27:00'),(1851,'2021-12-25 02:27:00'),(1852,'2021-12-25 03:27:00'),(1853,'2021-12-25 04:27:00'),(1854,'2021-12-25 05:27:00'),(1855,'2021-12-25 06:27:00'),(1856,'2021-12-25 07:27:00'),(1857,'2021-12-25 08:27:00'),(1858,'2021-12-25 09:27:00'),(1859,'2021-12-25 10:27:00'),(1860,'2021-12-25 11:27:00'),(1861,'2021-12-25 12:27:00'),(1862,'2021-12-25 13:27:00'),(1863,'2021-12-25 14:27:00'),(1864,'2021-12-25 15:27:00'),(1865,'2021-12-25 16:27:00'),(1866,'2021-12-25 17:27:00'),(1867,'2021-12-25 18:27:00'),(1868,'2021-12-25 19:27:00'),(1869,'2021-12-25 20:27:00'),(1870,'2021-12-25 21:27:00'),(1871,'2021-12-25 22:27:00'),(1872,'2021-12-25 23:27:00'),(1873,'2021-12-26 00:27:00'),(1874,'2021-12-26 01:27:00'),(1875,'2021-12-26 02:27:00'),(1876,'2021-12-26 03:27:00'),(1877,'2021-12-26 04:27:00'),(1878,'2021-12-26 05:27:00'),(1879,'2021-12-26 06:27:00'),(1880,'2021-12-26 07:27:00'),(1881,'2021-12-26 08:27:00'),(1882,'2021-12-26 09:27:00'),(1883,'2021-12-26 10:27:00'),(1884,'2021-12-26 11:27:00'),(1885,'2021-12-26 12:27:00'),(1886,'2021-12-26 13:27:00'),(1887,'2021-12-26 14:27:00'),(1888,'2021-12-26 15:27:00'),(1889,'2021-12-26 16:27:00'),(1890,'2021-12-26 17:27:00'),(1891,'2021-12-26 18:27:00'),(1892,'2021-12-26 19:27:00'),(1893,'2021-12-26 20:27:00'),(1894,'2021-12-26 21:27:00'),(1895,'2021-12-26 22:27:00'),(1896,'2021-12-26 23:27:00'),(1897,'2021-12-27 00:27:00'),(1898,'2021-12-27 01:27:00'),(1899,'2021-12-27 02:27:00'),(1900,'2021-12-27 03:27:00'),(1901,'2021-12-27 04:27:00'),(1902,'2021-12-27 05:27:00'),(1903,'2021-12-27 06:27:00'),(1904,'2021-12-27 07:27:00'),(1905,'2021-12-27 08:27:00'),(1906,'2021-12-27 09:27:00'),(1907,'2021-12-27 10:27:00'),(1908,'2021-12-27 11:27:00'),(1909,'2021-12-27 12:27:00'),(1910,'2021-12-27 13:27:00'),(1911,'2021-12-27 14:27:00'),(1912,'2021-12-27 15:27:00'),(1913,'2021-12-27 16:27:00'),(1914,'2021-12-27 17:27:00'),(1915,'2021-12-27 18:27:00'),(1916,'2021-12-27 19:27:00'),(1917,'2021-12-27 20:27:00'),(1918,'2021-12-27 21:27:00'),(1919,'2021-12-27 22:27:00'),(1920,'2021-12-27 23:27:00'),(1921,'2021-12-28 00:27:00'),(1922,'2021-12-28 01:27:00'),(1923,'2021-12-28 02:27:00'),(1924,'2021-12-28 03:27:00'),(1925,'2021-12-28 04:27:00'),(1926,'2021-12-28 05:27:00'),(1927,'2021-12-28 06:27:00'),(1928,'2021-12-28 07:27:00'),(1929,'2021-12-28 08:27:00'),(1930,'2021-12-28 09:27:00'),(1931,'2021-12-28 10:27:00'),(1932,'2021-12-28 11:27:00'),(1933,'2021-12-28 12:27:00'),(1934,'2021-12-28 13:27:00'),(1935,'2021-12-28 14:27:00'),(1936,'2021-12-28 15:27:00'),(1937,'2021-12-28 16:27:00'),(1938,'2021-12-28 17:27:00'),(1939,'2021-12-28 18:27:00'),(1940,'2021-12-28 19:27:00'),(1941,'2021-12-28 20:27:00'),(1942,'2021-12-28 21:27:00'),(1943,'2021-12-28 22:27:00'),(1944,'2021-12-28 23:27:00'),(1945,'2021-12-29 00:27:00'),(1946,'2021-12-29 01:27:00'),(1947,'2021-12-29 02:27:00'),(1948,'2021-12-29 03:27:00'),(1949,'2021-12-29 04:27:00'),(1950,'2021-12-29 05:27:00'),(1951,'2021-12-29 06:27:00'),(1952,'2021-12-29 07:27:00'),(1953,'2021-12-29 08:27:00'),(1954,'2021-12-29 09:27:00'),(1955,'2021-12-29 10:27:00'),(1956,'2021-12-29 11:27:00'),(1957,'2021-12-29 12:27:00'),(1958,'2021-12-29 13:27:00'),(1959,'2021-12-29 14:27:00'),(1960,'2021-12-29 15:27:00'),(1961,'2021-12-29 16:27:00'),(1962,'2021-12-29 17:27:00'),(1963,'2021-12-29 18:27:00'),(1964,'2021-12-29 19:27:00'),(1965,'2021-12-29 20:27:00'),(1966,'2021-12-29 21:27:00'),(1967,'2021-12-29 22:27:00'),(1968,'2021-12-29 23:27:00'),(1969,'2021-12-30 00:27:00'),(1970,'2021-12-30 01:27:00'),(1971,'2021-12-30 02:27:00'),(1972,'2021-12-30 03:27:00'),(1973,'2021-12-30 04:27:00'),(1974,'2021-12-30 05:27:00'),(1975,'2021-12-30 06:27:00'),(1976,'2021-12-30 07:27:00'),(1977,'2021-12-30 08:27:00'),(1978,'2021-12-30 09:27:00'),(1979,'2021-12-30 10:27:00'),(1980,'2021-12-30 11:27:00'),(1981,'2021-12-30 12:27:00'),(1982,'2021-12-30 13:27:00'),(1983,'2021-12-30 14:27:00'),(1984,'2021-12-30 15:27:00'),(1985,'2021-12-30 16:27:00'),(1986,'2021-12-30 17:27:00'),(1987,'2021-12-30 18:27:00'),(1988,'2021-12-30 19:27:00'),(1989,'2021-12-30 20:27:00'),(1990,'2021-12-30 21:27:00'),(1991,'2021-12-30 22:27:00'),(1992,'2021-12-30 23:27:00'),(1993,'2021-12-31 00:27:00'),(1994,'2021-12-31 01:27:00'),(1995,'2021-12-31 02:27:00'),(1996,'2021-12-31 03:27:00'),(1997,'2021-12-31 04:27:00'),(1998,'2021-12-31 05:27:00'),(1999,'2021-12-31 06:27:00'),(2000,'2021-12-31 07:27:00'),(2001,'2021-12-31 08:27:00'),(2002,'2021-12-31 09:27:00'),(2003,'2021-12-31 10:27:00'),(2004,'2021-12-31 11:27:00'),(2005,'2021-12-31 12:27:00'),(2006,'2021-12-31 13:27:00'),(2007,'2021-12-31 14:27:00'),(2008,'2021-12-31 15:27:00'),(2009,'2021-12-31 16:27:00'),(2010,'2021-12-31 17:27:00'),(2011,'2021-12-31 18:27:00'),(2012,'2021-12-31 19:27:00'),(2013,'2021-12-31 20:27:00'),(2014,'2021-12-31 21:27:00'),(2015,'2021-12-31 22:27:00'),(2016,'2021-12-31 23:27:00');
/*!40000 ALTER TABLE `indulas` ENABLE KEYS */;
UNLOCK TABLES;

--
-- Table structure for table `jarat`
--

DROP TABLE IF EXISTS `jarat`;
/*!40101 SET @saved_cs_client     = @@character_set_client */;
/*!50503 SET character_set_client = utf8mb4 */;
CREATE TABLE `jarat` (
  `idJARAT` int NOT NULL,
  `utazastipus` varchar(45) NOT NULL,
  PRIMARY KEY (`idJARAT`)
) ENGINE=InnoDB DEFAULT CHARSET=utf8mb3;
/*!40101 SET character_set_client = @saved_cs_client */;

--
-- Dumping data for table `jarat`
--

LOCK TABLES `jarat` WRITE;
/*!40000 ALTER TABLE `jarat` DISABLE KEYS */;
INSERT INTO `jarat` VALUES (800,'intercity'),(801,'intercity'),(802,'intercity'),(804,'intercity'),(805,'intercity'),(806,'intercity'),(808,'intercity'),(809,'intercity'),(817,'intercity');
/*!40000 ALTER TABLE `jarat` ENABLE KEYS */;
UNLOCK TABLES;

--
-- Table structure for table `jarat_megallo`
--

DROP TABLE IF EXISTS `jarat_megallo`;
/*!40101 SET @saved_cs_client     = @@character_set_client */;
/*!50503 SET character_set_client = utf8mb4 */;
CREATE TABLE `jarat_megallo` (
  `idMEGALLO` int NOT NULL,
  `menetido` time NOT NULL,
  `tavolsag` int NOT NULL,
  `JARAT_idJARAT` int NOT NULL,
  PRIMARY KEY (`idMEGALLO`,`JARAT_idJARAT`),
  KEY `fk_VONAT_MEGALLO_MEGALLO1_idx` (`idMEGALLO`),
  KEY `fk_JARAT_MEGALLO_JARAT1_idx` (`JARAT_idJARAT`),
  CONSTRAINT `fk_JARAT_MEGALLO_JARAT1` FOREIGN KEY (`JARAT_idJARAT`) REFERENCES `jarat` (`idJARAT`),
  CONSTRAINT `fk_VONAT_MEGALLO_MEGALLO1` FOREIGN KEY (`idMEGALLO`) REFERENCES `megallo` (`idMEGALLO`)
) ENGINE=InnoDB DEFAULT CHARSET=utf8mb3;
/*!40101 SET character_set_client = @saved_cs_client */;

--
-- Dumping data for table `jarat_megallo`
--

LOCK TABLES `jarat_megallo` WRITE;
/*!40000 ALTER TABLE `jarat_megallo` DISABLE KEYS */;
INSERT INTO `jarat_megallo` VALUES (1,'00:00:00',0,800),(1,'02:47:00',237,801),(1,'00:00:00',0,802),(1,'00:00:00',0,804),(1,'00:00:00',0,805),(1,'00:00:00',0,806),(1,'02:47:00',237,809),(1,'02:47:00',237,817),(4,'00:13:00',13,800),(4,'02:31:00',224,801),(4,'00:13:00',13,802),(4,'00:13:00',13,804),(4,'00:13:00',13,805),(4,'00:13:00',13,806),(4,'02:31:00',224,809),(4,'02:31:00',224,817),(5,'01:11:00',93,800),(5,'01:31:00',144,801),(5,'01:11:00',93,802),(5,'01:11:00',93,804),(5,'01:11:00',93,805),(5,'01:11:00',93,806),(5,'01:31:00',144,809),(5,'01:31:00',144,817),(6,'02:02:00',173,800),(6,'00:42:00',64,801),(6,'02:02:00',173,802),(6,'02:02:00',173,804),(6,'02:02:00',173,805),(6,'02:02:00',173,806),(6,'00:42:00',64,809),(6,'00:42:00',64,817),(7,'02:33:00',218,800),(7,'00:12:00',19,801),(7,'02:33:00',218,802),(7,'02:33:00',218,804),(7,'02:33:00',218,805),(7,'02:33:00',218,806),(7,'00:12:00',19,809),(7,'00:12:00',19,817),(8,'02:47:00',237,800),(8,'00:00:00',0,801),(8,'02:47:00',237,802),(8,'02:47:00',237,804),(8,'02:47:00',237,805),(8,'02:47:00',237,806),(8,'00:00:00',0,809),(8,'00:00:00',0,817);
/*!40000 ALTER TABLE `jarat_megallo` ENABLE KEYS */;
UNLOCK TABLES;

--
-- Table structure for table `jegy`
--

DROP TABLE IF EXISTS `jegy`;
/*!40101 SET @saved_cs_client     = @@character_set_client */;
/*!50503 SET character_set_client = utf8mb4 */;
CREATE TABLE `jegy` (
  `idJEGY` int NOT NULL,
  `idUtas` int NOT NULL,
  `ar` int unsigned NOT NULL,
  `idULES` int NOT NULL,
  `idVAGON` int NOT NULL,
  `idVONAT` int NOT NULL,
  `idHonnan` int NOT NULL,
  `indulasidopont` datetime NOT NULL,
  `kiallitasidatum` datetime NOT NULL,
  `idHova` int NOT NULL,
  `idJARAT` int NOT NULL,
  PRIMARY KEY (`idJEGY`),
  KEY `fk_JEGY_UTAS1_idx` (`idUtas`),
  KEY `fk_JEGY_ULES1_idx` (`idULES`,`idVAGON`,`idVONAT`),
  KEY `fk_JEGY_MEGALLO1_idx` (`idHonnan`),
  KEY `fk_JEGY_JARAT_MEGALLO1_idx` (`idHova`,`idJARAT`),
  CONSTRAINT `fk_JEGY_JARAT_MEGALLO1` FOREIGN KEY (`idHova`, `idJARAT`) REFERENCES `jarat_megallo` (`idMEGALLO`, `JARAT_idJARAT`),
  CONSTRAINT `fk_JEGY_MEGALLO1` FOREIGN KEY (`idHonnan`) REFERENCES `megallo` (`idMEGALLO`),
  CONSTRAINT `fk_JEGY_ULES1` FOREIGN KEY (`idULES`, `idVAGON`, `idVONAT`) REFERENCES `ules` (`idULES`, `idVAGON`, `idVONAT`),
  CONSTRAINT `fk_JEGY_UTAS1` FOREIGN KEY (`idUtas`) REFERENCES `utas` (`idUtas`)
) ENGINE=InnoDB DEFAULT CHARSET=utf8mb3;
/*!40101 SET character_set_client = @saved_cs_client */;

--
-- Dumping data for table `jegy`
--

LOCK TABLES `jegy` WRITE;
/*!40000 ALTER TABLE `jegy` DISABLE KEYS */;
/*!40000 ALTER TABLE `jegy` ENABLE KEYS */;
UNLOCK TABLES;

--
-- Table structure for table `kedvezmeny`
--

DROP TABLE IF EXISTS `kedvezmeny`;
/*!40101 SET @saved_cs_client     = @@character_set_client */;
/*!50503 SET character_set_client = utf8mb4 */;
CREATE TABLE `kedvezmeny` (
  `idKedvezmny` int NOT NULL AUTO_INCREMENT,
  `megnevezes` varchar(45) NOT NULL,
  `mertek` float NOT NULL,
  PRIMARY KEY (`idKedvezmny`)
) ENGINE=InnoDB AUTO_INCREMENT=3 DEFAULT CHARSET=utf8mb3;
/*!40101 SET character_set_client = @saved_cs_client */;

--
-- Dumping data for table `kedvezmeny`
--

LOCK TABLES `kedvezmeny` WRITE;
/*!40000 ALTER TABLE `kedvezmeny` DISABLE KEYS */;
INSERT INTO `kedvezmeny` VALUES (1,'dik',0.9),(2,'kzalkalmazott',0.5);
/*!40000 ALTER TABLE `kedvezmeny` ENABLE KEYS */;
UNLOCK TABLES;

--
-- Table structure for table `megallo`
--

DROP TABLE IF EXISTS `megallo`;
/*!40101 SET @saved_cs_client     = @@character_set_client */;
/*!50503 SET character_set_client = utf8mb4 */;
CREATE TABLE `megallo` (
  `idMEGALLO` int NOT NULL AUTO_INCREMENT,
  `nev` varchar(45) NOT NULL,
  PRIMARY KEY (`idMEGALLO`),
  UNIQUE KEY `nev_UNIQUE` (`nev`)
) ENGINE=InnoDB AUTO_INCREMENT=9 DEFAULT CHARSET=utf8mb3;
/*!40101 SET character_set_client = @saved_cs_client */;

--
-- Dumping data for table `megallo`
--

LOCK TABLES `megallo` WRITE;
/*!40000 ALTER TABLE `megallo` DISABLE KEYS */;
INSERT INTO `megallo` VALUES (3,'Budapest - Dli'),(4,'Budapest - Kelenfld'),(1,'Budapest - Keleti'),(2,'Budapest - Nyugati'),(6,'Dombvr'),(8,'Pcs'),(5,'Srbogrd'),(7,'Szentlrinc');
/*!40000 ALTER TABLE `megallo` ENABLE KEYS */;
UNLOCK TABLES;

--
-- Table structure for table `preferencia`
--

DROP TABLE IF EXISTS `preferencia`;
/*!40101 SET @saved_cs_client     = @@character_set_client */;
/*!50503 SET character_set_client = utf8mb4 */;
CREATE TABLE `preferencia` (
  `idPreferencia` int NOT NULL AUTO_INCREMENT,
  `megnevezes` varchar(45) NOT NULL,
  PRIMARY KEY (`idPreferencia`),
  UNIQUE KEY `megnevezes_UNIQUE` (`megnevezes`)
) ENGINE=InnoDB AUTO_INCREMENT=6 DEFAULT CHARSET=utf8mb3;
/*!40101 SET character_set_client = @saved_cs_client */;

--
-- Dumping data for table `preferencia`
--

LOCK TABLES `preferencia` WRITE;
/*!40000 ALTER TABLE `preferencia` DISABLE KEYS */;
INSERT INTO `preferencia` VALUES (1,'ablak mellett'),(5,'ajt mellett'),(3,'asztal'),(2,'menetirnnyal ellenttes'),(4,'tltsi lehetsg');
/*!40000 ALTER TABLE `preferencia` ENABLE KEYS */;
UNLOCK TABLES;

--
-- Table structure for table `ules`
--

DROP TABLE IF EXISTS `ules`;
/*!40101 SET @saved_cs_client     = @@character_set_client */;
/*!50503 SET character_set_client = utf8mb4 */;
CREATE TABLE `ules` (
  `idULES` int NOT NULL,
  `idVAGON` int NOT NULL,
  `idVONAT` int NOT NULL,
  `egysegar` int NOT NULL,
  PRIMARY KEY (`idULES`,`idVAGON`,`idVONAT`),
  KEY `fk_ULES_VAGON1_idx` (`idVAGON`,`idVONAT`),
  CONSTRAINT `fk_ULES_VAGON1` FOREIGN KEY (`idVAGON`, `idVONAT`) REFERENCES `vagon` (`idVAGON`, `idVONAT`)
) ENGINE=InnoDB DEFAULT CHARSET=utf8mb3;
/*!40101 SET character_set_client = @saved_cs_client */;

--
-- Dumping data for table `ules`
--

LOCK TABLES `ules` WRITE;
/*!40000 ALTER TABLE `ules` DISABLE KEYS */;
INSERT INTO `ules` VALUES (1,1,1,15),(1,2,1,10),(1,3,2,10),(1,4,2,10),(1,5,3,15),(1,6,3,10),(1,7,3,10),(2,1,1,14),(2,2,1,9),(2,3,2,9),(2,4,2,9),(2,5,3,14),(2,6,3,9),(2,7,3,9),(3,1,1,14),(3,2,1,9),(3,3,2,9),(3,4,2,9),(3,5,3,14),(3,6,3,9),(3,7,3,9),(4,1,1,15),(4,2,1,10),(4,3,2,10),(4,4,2,10),(4,5,3,15),(4,6,3,10),(4,7,3,10),(5,1,1,15),(5,2,1,10),(5,3,2,10),(5,4,2,10),(5,5,3,15),(5,6,3,10),(5,7,3,10),(6,1,1,14),(6,2,1,9),(6,3,2,9),(6,4,2,9),(6,5,3,14),(6,6,3,9),(6,7,3,9),(7,1,1,14),(7,2,1,9),(7,3,2,9),(7,4,2,9),(7,5,3,14),(7,6,3,9),(7,7,3,9),(8,1,1,15),(8,2,1,10),(8,3,2,10),(8,4,2,10),(8,5,3,15),(8,6,3,10),(8,7,3,10),(9,1,1,15),(9,2,1,10),(9,3,2,10),(9,4,2,10),(9,5,3,15),(9,6,3,10),(9,7,3,10),(10,1,1,14),(10,2,1,9),(10,3,2,9),(10,4,2,9),(10,5,3,14),(10,6,3,9),(10,7,3,9),(11,1,1,14),(11,2,1,9),(11,3,2,9),(11,4,2,9),(11,5,3,14),(11,6,3,9),(11,7,3,9),(12,1,1,15),(12,2,1,10),(12,3,2,10),(12,4,2,10),(12,5,3,15),(12,6,3,10),(12,7,3,10),(13,1,1,15),(13,2,1,10),(13,3,2,10),(13,4,2,10),(13,5,3,15),(13,6,3,10),(13,7,3,10),(14,1,1,14),(14,2,1,9),(14,3,2,9),(14,4,2,9),(14,5,3,14),(14,6,3,9),(14,7,3,9),(15,1,1,14),(15,2,1,9),(15,3,2,9),(15,4,2,9),(15,5,3,14),(15,6,3,9),(15,7,3,9),(16,1,1,15),(16,2,1,10),(16,3,2,10),(16,4,2,10),(16,5,3,15),(16,6,3,10),(16,7,3,10),(17,1,1,15),(17,2,1,10),(17,3,2,10),(17,4,2,10),(17,5,3,15),(17,6,3,10),(17,7,3,10),(18,1,1,14),(18,2,1,9),(18,3,2,9),(18,4,2,9),(18,5,3,14),(18,6,3,9),(18,7,3,9),(19,1,1,14),(19,2,1,9),(19,3,2,9),(19,4,2,9),(19,5,3,14),(19,6,3,9),(19,7,3,9),(20,1,1,15),(20,2,1,10),(20,3,2,10),(20,4,2,10),(20,5,3,15),(20,6,3,10),(20,7,3,10),(21,1,1,15),(21,2,1,10),(21,3,2,10),(21,4,2,10),(21,5,3,15),(21,6,3,10),(21,7,3,10),(22,1,1,14),(22,2,1,9),(22,3,2,9),(22,4,2,9),(22,5,3,14),(22,6,3,9),(22,7,3,9),(23,1,1,14),(23,2,1,9),(23,3,2,9),(23,4,2,9),(23,5,3,14),(23,6,3,9),(23,7,3,9),(24,1,1,15),(24,2,1,10),(24,3,2,10),(24,4,2,10),(24,5,3,15),(24,6,3,10),(24,7,3,10),(25,1,1,15),(25,2,1,10),(25,3,2,10),(25,4,2,10),(25,5,3,15),(25,6,3,10),(25,7,3,10),(26,1,1,14),(26,2,1,9),(26,3,2,9),(26,4,2,9),(26,5,3,14),(26,6,3,9),(26,7,3,9),(27,1,1,14),(27,2,1,9),(27,3,2,9),(27,4,2,9),(27,5,3,14),(27,6,3,9),(27,7,3,9),(28,1,1,15),(28,2,1,10),(28,3,2,10),(28,4,2,10),(28,5,3,15),(28,6,3,10),(28,7,3,10),(29,1,1,15),(29,2,1,10),(29,3,2,10),(29,4,2,10),(29,5,3,15),(29,6,3,10),(29,7,3,10),(30,1,1,14),(30,2,1,9),(30,3,2,9),(30,4,2,9),(30,5,3,14),(30,6,3,9),(30,7,3,9),(31,1,1,14),(31,2,1,9),(31,3,2,9),(31,4,2,9),(31,5,3,14),(31,6,3,9),(31,7,3,9),(32,1,1,15),(32,2,1,10),(32,3,2,10),(32,4,2,10),(32,5,3,15),(32,6,3,10),(32,7,3,10),(33,1,1,15),(33,2,1,10),(33,3,2,10),(33,4,2,10),(33,5,3,15),(33,6,3,10),(33,7,3,10),(34,1,1,14),(34,2,1,9),(34,3,2,9),(34,4,2,9),(34,5,3,14),(34,6,3,9),(34,7,3,9),(35,1,1,14),(35,2,1,9),(35,3,2,9),(35,4,2,9),(35,5,3,14),(35,6,3,9),(35,7,3,9),(36,1,1,15),(36,2,1,10),(36,3,2,10),(36,4,2,10),(36,5,3,15),(36,6,3,10),(36,7,3,10),(37,1,1,15),(37,2,1,10),(37,3,2,10),(37,4,2,10),(37,6,3,10),(37,7,3,10),(38,1,1,14),(38,2,1,9),(38,3,2,9),(38,4,2,9),(38,6,3,9),(38,7,3,9),(39,1,1,14),(39,2,1,9),(39,3,2,9),(39,4,2,9),(39,6,3,9),(39,7,3,9),(40,1,1,15),(40,2,1,10),(40,3,2,10),(40,4,2,10),(40,6,3,10),(40,7,3,10),(41,2,1,10),(41,3,2,10),(41,4,2,10),(42,2,1,9),(42,3,2,9),(42,4,2,9),(43,2,1,9),(43,3,2,9),(43,4,2,9),(44,2,1,10),(44,3,2,10),(44,4,2,10),(45,2,1,10),(45,3,2,10),(45,4,2,10),(46,2,1,9),(46,3,2,9),(46,4,2,9),(47,2,1,9),(47,3,2,9),(47,4,2,9),(48,2,1,10),(48,3,2,10),(48,4,2,10),(49,3,2,10),(49,4,2,10),(50,3,2,9),(50,4,2,9),(51,3,2,9),(51,4,2,9),(52,3,2,10),(52,4,2,10);
/*!40000 ALTER TABLE `ules` ENABLE KEYS */;
UNLOCK TABLES;

--
-- Table structure for table `ules_preferencia`
--

DROP TABLE IF EXISTS `ules_preferencia`;
/*!40101 SET @saved_cs_client     = @@character_set_client */;
/*!50503 SET character_set_client = utf8mb4 */;
CREATE TABLE `ules_preferencia` (
  `idULES` int NOT NULL,
  `idVAGON` int NOT NULL,
  `idVONAT` int NOT NULL,
  `idPreferencia` int NOT NULL,
  PRIMARY KEY (`idULES`,`idVAGON`,`idVONAT`,`idPreferencia`),
  KEY `fk_ULES_PREFERENCIA_PREFERENCIA1_idx` (`idPreferencia`),
  CONSTRAINT `fk_ULES_PREFERENCIA_PREFERENCIA1` FOREIGN KEY (`idPreferencia`) REFERENCES `preferencia` (`idPreferencia`),
  CONSTRAINT `fk_ULES_PREFERENCIA_ULES1` FOREIGN KEY (`idULES`, `idVAGON`, `idVONAT`) REFERENCES `ules` (`idULES`, `idVAGON`, `idVONAT`)
) ENGINE=InnoDB DEFAULT CHARSET=utf8mb3;
/*!40101 SET character_set_client = @saved_cs_client */;

--
-- Dumping data for table `ules_preferencia`
--

LOCK TABLES `ules_preferencia` WRITE;
/*!40000 ALTER TABLE `ules_preferencia` DISABLE KEYS */;
INSERT INTO `ules_preferencia` VALUES (1,1,1,1),(1,2,1,1),(1,3,2,1),(1,4,2,1),(1,5,3,1),(1,6,3,1),(1,7,3,1),(4,1,1,1),(4,2,1,1),(4,3,2,1),(4,4,2,1),(4,5,3,1),(4,6,3,1),(4,7,3,1),(5,1,1,1),(5,2,1,1),(5,3,2,1),(5,4,2,1),(5,5,3,1),(5,6,3,1),(5,7,3,1),(8,1,1,1),(8,2,1,1),(8,3,2,1),(8,4,2,1),(8,5,3,1),(8,6,3,1),(8,7,3,1),(9,1,1,1),(9,2,1,1),(9,3,2,1),(9,4,2,1),(9,5,3,1),(9,6,3,1),(9,7,3,1),(12,1,1,1),(12,2,1,1),(12,3,2,1),(12,4,2,1),(12,5,3,1),(12,6,3,1),(12,7,3,1),(13,1,1,1),(13,2,1,1),(13,3,2,1),(13,4,2,1),(13,5,3,1),(13,6,3,1),(13,7,3,1),(16,1,1,1),(16,2,1,1),(16,3,2,1),(16,4,2,1),(16,5,3,1),(16,6,3,1),(16,7,3,1),(17,1,1,1),(17,2,1,1),(17,3,2,1),(17,4,2,1),(17,5,3,1),(17,6,3,1),(17,7,3,1),(20,1,1,1),(20,2,1,1),(20,3,2,1),(20,4,2,1),(20,5,3,1),(20,6,3,1),(20,7,3,1),(21,1,1,1),(21,2,1,1),(21,3,2,1),(21,4,2,1),(21,5,3,1),(21,6,3,1),(21,7,3,1),(24,1,1,1),(24,2,1,1),(24,3,2,1),(24,4,2,1),(24,5,3,1),(24,6,3,1),(24,7,3,1),(25,1,1,1),(25,2,1,1),(25,3,2,1),(25,4,2,1),(25,5,3,1),(25,6,3,1),(25,7,3,1),(28,1,1,1),(28,2,1,1),(28,3,2,1),(28,4,2,1),(28,5,3,1),(28,6,3,1),(28,7,3,1),(29,1,1,1),(29,2,1,1),(29,3,2,1),(29,4,2,1),(29,5,3,1),(29,6,3,1),(29,7,3,1),(32,1,1,1),(32,2,1,1),(32,3,2,1),(32,4,2,1),(32,5,3,1),(32,6,3,1),(32,7,3,1),(33,1,1,1),(33,2,1,1),(33,3,2,1),(33,4,2,1),(33,5,3,1),(33,6,3,1),(33,7,3,1),(36,1,1,1),(36,2,1,1),(36,3,2,1),(36,4,2,1),(36,5,3,1),(36,6,3,1),(36,7,3,1),(37,1,1,1),(37,2,1,1),(37,3,2,1),(37,4,2,1),(37,6,3,1),(37,7,3,1),(40,1,1,1),(40,2,1,1),(40,3,2,1),(40,4,2,1),(40,6,3,1),(40,7,3,1),(41,2,1,1),(41,3,2,1),(41,4,2,1),(44,2,1,1),(44,3,2,1),(44,4,2,1),(45,2,1,1),(45,3,2,1),(45,4,2,1),(48,2,1,1),(48,3,2,1),(48,4,2,1),(49,3,2,1),(49,4,2,1),(52,3,2,1),(52,4,2,1),(1,1,1,2),(1,2,1,2),(1,3,2,2),(1,4,2,2),(1,5,3,2),(1,6,3,2),(1,7,3,2),(2,1,1,2),(2,2,1,2),(2,3,2,2),(2,4,2,2),(2,5,3,2),(2,6,3,2),(2,7,3,2),(3,1,1,2),(3,2,1,2),(3,3,2,2),(3,4,2,2),(3,5,3,2),(3,6,3,2),(3,7,3,2),(4,1,1,2),(4,2,1,2),(4,3,2,2),(4,4,2,2),(4,5,3,2),(4,6,3,2),(4,7,3,2),(9,1,1,2),(9,2,1,2),(9,3,2,2),(9,4,2,2),(9,5,3,2),(9,6,3,2),(9,7,3,2),(10,1,1,2),(10,2,1,2),(10,3,2,2),(10,4,2,2),(10,5,3,2),(10,6,3,2),(10,7,3,2),(11,1,1,2),(11,2,1,2),(11,3,2,2),(11,4,2,2),(11,5,3,2),(11,6,3,2),(11,7,3,2),(12,1,1,2),(12,2,1,2),(12,3,2,2),(12,4,2,2),(12,5,3,2),(12,6,3,2),(12,7,3,2),(17,1,1,2),(17,2,1,2),(17,3,2,2),(17,4,2,2),(17,5,3,2),(17,6,3,2),(17,7,3,2),(18,1,1,2),(18,2,1,2),(18,3,2,2),(18,4,2,2),(18,5,3,2),(18,6,3,2),(18,7,3,2),(19,1,1,2),(19,2,1,2),(19,3,2,2),(19,4,2,2),(19,5,3,2),(19,6,3,2),(19,7,3,2),(20,1,1,2),(20,2,1,2),(20,3,2,2),(20,4,2,2),(20,5,3,2),(20,6,3,2),(20,7,3,2),(25,1,1,2),(25,2,1,2),(25,3,2,2),(25,4,2,2),(25,5,3,2),(25,6,3,2),(25,7,3,2),(26,1,1,2),(26,2,1,2),(26,3,2,2),(26,4,2,2),(26,5,3,2),(26,6,3,2),(26,7,3,2),(27,1,1,2),(27,2,1,2),(27,3,2,2),(27,4,2,2),(27,5,3,2),(27,6,3,2),(27,7,3,2),(28,1,1,2),(28,2,1,2),(28,3,2,2),(28,4,2,2),(28,5,3,2),(28,6,3,2),(28,7,3,2),(33,1,1,2),(33,2,1,2),(33,3,2,2),(33,4,2,2),(33,5,3,2),(33,6,3,2),(33,7,3,2),(34,1,1,2),(34,2,1,2),(34,3,2,2),(34,4,2,2),(34,5,3,2),(34,6,3,2),(34,7,3,2),(35,1,1,2),(35,2,1,2),(35,3,2,2),(35,4,2,2),(35,5,3,2),(35,6,3,2),(35,7,3,2),(36,1,1,2),(36,2,1,2),(36,3,2,2),(36,4,2,2),(36,5,3,2),(36,6,3,2),(36,7,3,2),(41,2,1,2),(41,3,2,2),(41,4,2,2),(42,2,1,2),(42,3,2,2),(42,4,2,2),(43,2,1,2),(43,3,2,2),(43,4,2,2),(44,2,1,2),(44,3,2,2),(44,4,2,2),(49,3,2,2),(49,4,2,2),(50,3,2,2),(50,4,2,2),(51,3,2,2),(51,4,2,2),(52,3,2,2),(52,4,2,2),(9,1,1,3),(9,2,1,3),(9,3,2,3),(9,4,2,3),(9,5,3,3),(9,6,3,3),(9,7,3,3),(10,1,1,3),(10,2,1,3),(10,3,2,3),(10,4,2,3),(10,5,3,3),(10,6,3,3),(10,7,3,3),(11,1,1,3),(11,2,1,3),(11,3,2,3),(11,4,2,3),(11,5,3,3),(11,6,3,3),(11,7,3,3),(12,1,1,3),(12,2,1,3),(12,3,2,3),(12,4,2,3),(12,5,3,3),(12,6,3,3),(12,7,3,3),(13,1,1,3),(13,2,1,3),(13,3,2,3),(13,4,2,3),(13,5,3,3),(13,6,3,3),(13,7,3,3),(14,1,1,3),(14,2,1,3),(14,3,2,3),(14,4,2,3),(14,5,3,3),(14,6,3,3),(14,7,3,3),(15,1,1,3),(15,2,1,3),(15,3,2,3),(15,4,2,3),(15,5,3,3),(15,6,3,3),(15,7,3,3),(16,1,1,3),(16,2,1,3),(16,3,2,3),(16,4,2,3),(16,5,3,3),(16,6,3,3),(16,7,3,3),(25,1,1,3),(25,2,1,3),(25,3,2,3),(25,4,2,3),(25,5,3,3),(25,6,3,3),(25,7,3,3),(26,1,1,3),(26,2,1,3),(26,3,2,3),(26,4,2,3),(26,5,3,3),(26,6,3,3),(26,7,3,3),(27,1,1,3),(27,2,1,3),(27,3,2,3),(27,4,2,3),(27,5,3,3),(27,6,3,3),(27,7,3,3),(28,1,1,3),(28,2,1,3),(28,3,2,3),(28,4,2,3),(28,5,3,3),(28,6,3,3),(28,7,3,3),(29,1,1,3),(29,2,1,3),(29,3,2,3),(29,4,2,3),(29,5,3,3),(29,6,3,3),(29,7,3,3),(30,1,1,3),(30,2,1,3),(30,3,2,3),(30,4,2,3),(30,5,3,3),(30,6,3,3),(30,7,3,3),(31,1,1,3),(31,2,1,3),(31,3,2,3),(31,4,2,3),(31,5,3,3),(31,6,3,3),(31,7,3,3),(32,1,1,3),(32,2,1,3),(32,3,2,3),(32,4,2,3),(32,5,3,3),(32,6,3,3),(32,7,3,3),(41,2,1,3),(41,3,2,3),(41,4,2,3),(42,2,1,3),(42,3,2,3),(42,4,2,3),(43,2,1,3),(43,3,2,3),(43,4,2,3),(44,2,1,3),(44,3,2,3),(44,4,2,3),(45,2,1,3),(45,3,2,3),(45,4,2,3),(46,2,1,3),(46,3,2,3),(46,4,2,3),(47,2,1,3),(47,3,2,3),(47,4,2,3),(48,2,1,3),(48,3,2,3),(48,4,2,3),(1,1,1,4),(1,2,1,4),(1,3,2,4),(1,4,2,4),(1,5,3,4),(1,6,3,4),(1,7,3,4),(2,1,1,4),(2,2,1,4),(2,3,2,4),(2,4,2,4),(2,5,3,4),(2,6,3,4),(2,7,3,4),(3,1,1,4),(3,2,1,4),(3,3,2,4),(3,4,2,4),(3,5,3,4),(3,6,3,4),(3,7,3,4),(4,1,1,4),(4,2,1,4),(4,3,2,4),(4,4,2,4),(4,5,3,4),(4,6,3,4),(4,7,3,4),(5,1,1,4),(5,2,1,4),(5,3,2,4),(5,4,2,4),(5,5,3,4),(5,6,3,4),(5,7,3,4),(6,1,1,4),(6,2,1,4),(6,3,2,4),(6,4,2,4),(6,5,3,4),(6,6,3,4),(6,7,3,4),(7,1,1,4),(7,2,1,4),(7,3,2,4),(7,4,2,4),(7,5,3,4),(7,6,3,4),(7,7,3,4),(8,1,1,4),(8,2,1,4),(8,3,2,4),(8,4,2,4),(8,5,3,4),(8,6,3,4),(8,7,3,4),(9,1,1,4),(9,2,1,4),(9,3,2,4),(9,4,2,4),(9,5,3,4),(9,6,3,4),(9,7,3,4),(10,1,1,4),(10,2,1,4),(10,3,2,4),(10,4,2,4),(10,5,3,4),(10,6,3,4),(10,7,3,4),(11,1,1,4),(11,2,1,4),(11,3,2,4),(11,4,2,4),(11,5,3,4),(11,6,3,4),(11,7,3,4),(12,1,1,4),(12,2,1,4),(12,3,2,4),(12,4,2,4),(12,5,3,4),(12,6,3,4),(12,7,3,4),(13,1,1,4),(13,2,1,4),(13,3,2,4),(13,4,2,4),(13,5,3,4),(13,6,3,4),(13,7,3,4),(14,1,1,4),(14,2,1,4),(14,3,2,4),(14,4,2,4),(14,5,3,4),(14,6,3,4),(14,7,3,4),(15,1,1,4),(15,2,1,4),(15,3,2,4),(15,4,2,4),(15,5,3,4),(15,6,3,4),(15,7,3,4),(16,1,1,4),(16,2,1,4),(16,3,2,4),(16,4,2,4),(16,5,3,4),(16,6,3,4),(16,7,3,4),(17,1,1,4),(17,2,1,4),(17,3,2,4),(17,4,2,4),(17,5,3,4),(17,6,3,4),(17,7,3,4),(18,1,1,4),(18,2,1,4),(18,3,2,4),(18,4,2,4),(18,5,3,4),(18,6,3,4),(18,7,3,4),(19,1,1,4),(19,2,1,4),(19,3,2,4),(19,4,2,4),(19,5,3,4),(19,6,3,4),(19,7,3,4),(20,1,1,4),(20,2,1,4),(20,3,2,4),(20,4,2,4),(20,5,3,4),(20,6,3,4),(20,7,3,4),(21,1,1,4),(21,2,1,4),(21,3,2,4),(21,4,2,4),(21,5,3,4),(21,6,3,4),(21,7,3,4),(22,1,1,4),(22,2,1,4),(22,3,2,4),(22,4,2,4),(22,5,3,4),(22,6,3,4),(22,7,3,4),(23,1,1,4),(23,2,1,4),(23,3,2,4),(23,4,2,4),(23,5,3,4),(23,6,3,4),(23,7,3,4),(24,1,1,4),(24,2,1,4),(24,3,2,4),(24,4,2,4),(24,5,3,4),(24,6,3,4),(24,7,3,4),(25,1,1,4),(25,2,1,4),(25,3,2,4),(25,4,2,4),(25,5,3,4),(25,6,3,4),(25,7,3,4),(26,1,1,4),(26,2,1,4),(26,3,2,4),(26,4,2,4),(26,5,3,4),(26,6,3,4),(26,7,3,4),(27,1,1,4),(27,2,1,4),(27,3,2,4),(27,4,2,4),(27,5,3,4),(27,6,3,4),(27,7,3,4),(28,1,1,4),(28,2,1,4),(28,3,2,4),(28,4,2,4),(28,5,3,4),(28,6,3,4),(28,7,3,4),(29,1,1,4),(29,2,1,4),(29,3,2,4),(29,4,2,4),(29,5,3,4),(29,6,3,4),(29,7,3,4),(30,1,1,4),(30,2,1,4),(30,3,2,4),(30,4,2,4),(30,5,3,4),(30,6,3,4),(30,7,3,4),(31,1,1,4),(31,2,1,4),(31,3,2,4),(31,4,2,4),(31,5,3,4),(31,6,3,4),(31,7,3,4),(32,1,1,4),(32,2,1,4),(32,3,2,4),(32,4,2,4),(32,5,3,4),(32,6,3,4),(32,7,3,4),(33,1,1,4),(33,2,1,4),(33,3,2,4),(33,4,2,4),(33,5,3,4),(33,6,3,4),(33,7,3,4),(34,1,1,4),(34,2,1,4),(34,3,2,4),(34,4,2,4),(34,5,3,4),(34,6,3,4),(34,7,3,4),(35,1,1,4),(35,2,1,4),(35,3,2,4),(35,4,2,4),(35,5,3,4),(35,6,3,4),(35,7,3,4),(36,1,1,4),(36,2,1,4),(36,3,2,4),(36,4,2,4),(36,5,3,4),(36,6,3,4),(36,7,3,4),(37,1,1,4),(37,2,1,4),(37,3,2,4),(37,4,2,4),(37,6,3,4),(37,7,3,4),(38,1,1,4),(38,2,1,4),(38,3,2,4),(38,4,2,4),(38,6,3,4),(38,7,3,4),(39,1,1,4),(39,2,1,4),(39,3,2,4),(39,4,2,4),(39,6,3,4),(39,7,3,4),(40,1,1,4),(40,2,1,4),(40,3,2,4),(40,4,2,4),(40,6,3,4),(40,7,3,4),(41,2,1,4),(41,3,2,4),(41,4,2,4),(42,2,1,4),(42,3,2,4),(42,4,2,4),(43,2,1,4),(43,3,2,4),(43,4,2,4),(44,2,1,4),(44,3,2,4),(44,4,2,4),(45,2,1,4),(45,3,2,4),(45,4,2,4),(46,2,1,4),(46,3,2,4),(46,4,2,4),(47,2,1,4),(47,3,2,4),(47,4,2,4),(48,2,1,4),(48,3,2,4),(48,4,2,4),(49,3,2,4),(49,4,2,4),(50,3,2,4),(50,4,2,4),(51,3,2,4),(51,4,2,4),(52,3,2,4),(52,4,2,4),(1,1,1,5),(1,2,1,5),(1,3,2,5),(1,4,2,5),(1,5,3,5),(1,6,3,5),(1,7,3,5),(2,1,1,5),(2,2,1,5),(2,3,2,5),(2,4,2,5),(2,5,3,5),(2,6,3,5),(2,7,3,5),(3,1,1,5),(3,2,1,5),(3,3,2,5),(3,4,2,5),(3,5,3,5),(3,6,3,5),(3,7,3,5),(4,1,1,5),(4,2,1,5),(4,3,2,5),(4,4,2,5),(4,5,3,5),(4,6,3,5),(4,7,3,5),(33,5,3,5),(34,5,3,5),(35,5,3,5),(36,5,3,5),(37,1,1,5),(37,6,3,5),(37,7,3,5),(38,1,1,5),(38,6,3,5),(38,7,3,5),(39,1,1,5),(39,6,3,5),(39,7,3,5),(40,1,1,5),(40,6,3,5),(40,7,3,5),(45,2,1,5),(46,2,1,5),(47,2,1,5),(48,2,1,5),(49,3,2,5),(49,4,2,5),(50,3,2,5),(50,4,2,5),(51,3,2,5),(51,4,2,5),(52,3,2,5),(52,4,2,5);
/*!40000 ALTER TABLE `ules_preferencia` ENABLE KEYS */;
UNLOCK TABLES;

--
-- Table structure for table `utas`
--

DROP TABLE IF EXISTS `utas`;
/*!40101 SET @saved_cs_client     = @@character_set_client */;
/*!50503 SET character_set_client = utf8mb4 */;
CREATE TABLE `utas` (
  `idUtas` int NOT NULL AUTO_INCREMENT,
  `vezeteknev` varchar(45) NOT NULL,
  `keresztnev` varchar(45) NOT NULL,
  `telefon` varchar(12) DEFAULT NULL,
  `email` varchar(50) NOT NULL,
  `szulido` date NOT NULL,
  `Kedvezmny_idKedvezmny` int DEFAULT NULL,
  `iranyitoszam` char(4) NOT NULL,
  `varos` varchar(50) NOT NULL,
  `utca` varchar(60) NOT NULL,
  `hazszam` varchar(3) NOT NULL,
  `jelszo` varchar(45) NOT NULL,
  PRIMARY KEY (`idUtas`),
  UNIQUE KEY `email_UNIQUE` (`email`),
  KEY `fk_Utas_Kedvezmny_idx` (`Kedvezmny_idKedvezmny`),
  CONSTRAINT `fk_Utas_Kedvezmny` FOREIGN KEY (`Kedvezmny_idKedvezmny`) REFERENCES `kedvezmeny` (`idKedvezmny`)
) ENGINE=InnoDB DEFAULT CHARSET=utf8mb3;
/*!40101 SET character_set_client = @saved_cs_client */;

--
-- Dumping data for table `utas`
--

LOCK TABLES `utas` WRITE;
/*!40000 ALTER TABLE `utas` DISABLE KEYS */;
/*!40000 ALTER TABLE `utas` ENABLE KEYS */;
UNLOCK TABLES;

--
-- Table structure for table `utas_preferencia`
--

DROP TABLE IF EXISTS `utas_preferencia`;
/*!40101 SET @saved_cs_client     = @@character_set_client */;
/*!50503 SET character_set_client = utf8mb4 */;
CREATE TABLE `utas_preferencia` (
  `idUtas` int NOT NULL,
  `idPreferencia` int NOT NULL,
  PRIMARY KEY (`idUtas`,`idPreferencia`),
  KEY `fk_UTAS_PREFERENCIA_UTAS1_idx` (`idUtas`),
  KEY `fk_UTAS_PREFERENCIA_PREFERENCIA1_idx` (`idPreferencia`),
  CONSTRAINT `fk_UTAS_PREFERENCIA_PREFERENCIA1` FOREIGN KEY (`idPreferencia`) REFERENCES `preferencia` (`idPreferencia`),
  CONSTRAINT `fk_UTAS_PREFERENCIA_UTAS1` FOREIGN KEY (`idUtas`) REFERENCES `utas` (`idUtas`)
) ENGINE=InnoDB DEFAULT CHARSET=utf8mb3;
/*!40101 SET character_set_client = @saved_cs_client */;

--
-- Dumping data for table `utas_preferencia`
--

LOCK TABLES `utas_preferencia` WRITE;
/*!40000 ALTER TABLE `utas_preferencia` DISABLE KEYS */;
/*!40000 ALTER TABLE `utas_preferencia` ENABLE KEYS */;
UNLOCK TABLES;

--
-- Table structure for table `vagon`
--

DROP TABLE IF EXISTS `vagon`;
/*!40101 SET @saved_cs_client     = @@character_set_client */;
/*!50503 SET character_set_client = utf8mb4 */;
CREATE TABLE `vagon` (
  `idVAGON` int NOT NULL AUTO_INCREMENT,
  `ferohely` smallint unsigned NOT NULL,
  `csomag` tinyint NOT NULL DEFAULT '0',
  `osztaly` char(1) DEFAULT NULL,
  `idVONAT` int NOT NULL,
  PRIMARY KEY (`idVAGON`,`idVONAT`),
  KEY `fk_VAGON_VONAT1_idx` (`idVONAT`),
  CONSTRAINT `fk_VAGON_VONAT1` FOREIGN KEY (`idVONAT`) REFERENCES `vonat` (`idVONAT`)
) ENGINE=InnoDB AUTO_INCREMENT=8 DEFAULT CHARSET=utf8mb3;
/*!40101 SET character_set_client = @saved_cs_client */;

--
-- Dumping data for table `vagon`
--

LOCK TABLES `vagon` WRITE;
/*!40000 ALTER TABLE `vagon` DISABLE KEYS */;
INSERT INTO `vagon` VALUES (1,40,1,'1',1),(2,48,1,'2',1),(3,52,1,'2',2),(4,52,0,'2',2),(5,36,1,'1',3),(6,40,1,'2',3),(7,40,1,'2',3);
/*!40000 ALTER TABLE `vagon` ENABLE KEYS */;
UNLOCK TABLES;

--
-- Table structure for table `vonat`
--

DROP TABLE IF EXISTS `vonat`;
/*!40101 SET @saved_cs_client     = @@character_set_client */;
/*!50503 SET character_set_client = utf8mb4 */;
CREATE TABLE `vonat` (
  `idVONAT` int NOT NULL,
  PRIMARY KEY (`idVONAT`)
) ENGINE=InnoDB DEFAULT CHARSET=utf8mb3;
/*!40101 SET character_set_client = @saved_cs_client */;

--
-- Dumping data for table `vonat`
--

LOCK TABLES `vonat` WRITE;
/*!40000 ALTER TABLE `vonat` DISABLE KEYS */;
INSERT INTO `vonat` VALUES (1),(2),(3);
/*!40000 ALTER TABLE `vonat` ENABLE KEYS */;
UNLOCK TABLES;

--
-- Table structure for table `vonat_jarat_indulas`
--

DROP TABLE IF EXISTS `vonat_jarat_indulas`;
/*!40101 SET @saved_cs_client     = @@character_set_client */;
/*!50503 SET character_set_client = utf8mb4 */;
CREATE TABLE `vonat_jarat_indulas` (
  `idVONAT` int NOT NULL,
  `idINDULAS` int NOT NULL,
  `JARAT_idJARAT` int NOT NULL,
  PRIMARY KEY (`idVONAT`,`idINDULAS`,`JARAT_idJARAT`),
  KEY `fk_VONAT_JARAT_INDULAS1_idx` (`idINDULAS`),
  KEY `fk_VONAT_JARAT_INDULAS_JARAT1_idx` (`JARAT_idJARAT`),
  CONSTRAINT `fk_VONAT_JARAT_INDULAS1` FOREIGN KEY (`idINDULAS`) REFERENCES `indulas` (`idINDULAS`),
  CONSTRAINT `fk_VONAT_JARAT_INDULAS_JARAT1` FOREIGN KEY (`JARAT_idJARAT`) REFERENCES `jarat` (`idJARAT`),
  CONSTRAINT `fk_VONAT_JARAT_VONAT1` FOREIGN KEY (`idVONAT`) REFERENCES `vonat` (`idVONAT`)
) ENGINE=InnoDB DEFAULT CHARSET=utf8mb3;
/*!40101 SET character_set_client = @saved_cs_client */;

--
-- Dumping data for table `vonat_jarat_indulas`
--

LOCK TABLES `vonat_jarat_indulas` WRITE;
/*!40000 ALTER TABLE `vonat_jarat_indulas` DISABLE KEYS */;
INSERT INTO `vonat_jarat_indulas` VALUES (1,6,800),(3,8,802),(2,12,804),(1,16,806),(3,18,802),(3,18,808),(1,30,800),(3,32,802),(2,36,804),(1,40,806),(3,42,802),(3,42,808),(1,54,800),(3,56,802),(2,60,804),(1,64,806),(3,66,802),(3,66,808),(1,78,800),(3,80,802),(2,84,804),(1,88,806),(3,90,802),(3,90,808),(1,102,800),(3,104,802),(2,108,804),(1,112,806),(3,114,802),(3,114,808),(1,126,800),(3,128,802),(2,132,804),(1,136,806),(3,138,802),(3,138,808),(1,150,800),(3,152,802),(2,156,804),(1,160,806),(3,162,802),(3,162,808),(1,174,800),(3,176,802),(2,180,804),(1,184,806),(3,186,802),(3,186,808),(1,198,800),(3,200,802),(2,204,804),(1,208,806),(3,210,802),(3,210,808),(1,222,800),(3,224,802),(2,228,804),(1,232,806),(3,234,802),(3,234,808),(1,246,800),(3,248,802),(2,252,804),(1,256,806),(3,258,802),(3,258,808),(1,270,800),(3,272,802),(2,276,804),(1,280,806),(3,282,802),(3,282,808),(1,294,800),(3,296,802),(2,300,804),(1,304,806),(3,306,802),(3,306,808),(1,318,800),(3,320,802),(2,324,804),(1,328,806),(3,330,802),(3,330,808),(1,342,800),(3,344,802),(2,348,804),(1,352,806),(3,354,802),(3,354,808),(1,366,800),(3,368,802),(2,372,804),(1,376,806),(3,378,802),(3,378,808),(1,390,800),(3,392,802),(2,396,804),(1,400,806),(3,402,802),(3,402,808),(1,414,800),(3,416,802),(2,420,804),(1,424,806),(3,426,802),(3,426,808),(1,438,800),(3,440,802),(2,444,804),(1,448,806),(3,450,802),(3,450,808),(1,462,800),(3,464,802),(2,468,804),(1,472,806),(3,474,802),(3,474,808),(1,486,800),(3,488,802),(2,492,804),(1,496,806),(3,498,802),(3,498,808),(1,510,800),(3,512,802),(2,516,804),(1,520,806),(3,522,802),(3,522,808),(1,534,800),(3,536,802),(2,540,804),(1,544,806),(3,546,802),(3,546,808),(1,558,800),(3,560,802),(2,564,804),(1,568,806),(3,570,802),(3,570,808),(1,582,800),(3,584,802),(2,588,804),(1,592,806),(3,594,802),(3,594,808),(1,606,800),(3,608,802),(2,612,804),(1,616,806),(3,618,802),(3,618,808),(1,630,800),(3,632,802),(2,636,804),(1,640,806),(3,642,802),(3,642,808),(1,654,800),(3,656,802),(2,660,804),(1,664,806),(3,666,802),(3,666,808),(1,678,800),(3,680,802),(2,684,804),(1,688,806),(3,690,802),(3,690,808),(1,702,800),(3,704,802),(2,708,804),(1,712,806),(3,714,802),(3,714,808),(1,726,800),(3,728,802),(2,732,804),(1,736,806),(3,738,802),(3,738,808),(1,750,800),(3,752,802),(2,756,804),(1,760,806),(3,762,802),(3,762,808),(1,774,800),(3,776,802),(2,780,804),(1,784,806),(3,786,802),(3,786,808),(1,798,800),(3,800,802),(2,804,804),(1,808,806),(3,810,802),(3,810,808),(1,822,800),(3,824,802),(2,828,804),(1,832,806),(3,834,802),(3,834,808),(1,846,800),(3,848,802),(2,852,804),(1,856,806),(3,858,802),(3,858,808),(1,870,800),(3,872,802),(2,876,804),(1,880,806),(3,882,802),(3,882,808),(1,894,800),(3,896,802),(2,900,804),(1,904,806),(3,906,802),(3,906,808),(1,918,800),(3,920,802),(2,924,804),(1,928,806),(3,930,802),(3,930,808),(1,942,800),(3,944,802),(2,948,804),(1,952,806),(3,954,802),(3,954,808),(1,966,800),(3,968,802),(2,972,804),(1,976,806),(3,978,802),(3,978,808),(1,990,800),(3,992,802),(2,996,804),(1,1000,806),(3,1002,802),(3,1002,808),(2,1014,809),(1,1018,817),(3,1020,805),(2,1026,801),(2,1038,809),(1,1042,817),(3,1044,805),(2,1050,801),(2,1062,809),(1,1066,817),(3,1068,805),(2,1074,801),(2,1086,809),(1,1090,817),(3,1092,805),(2,1098,801),(2,1110,809),(1,1114,817),(3,1116,805),(2,1122,801),(2,1134,809),(1,1138,817),(3,1140,805),(2,1146,801),(2,1158,809),(1,1162,817),(3,1164,805),(2,1170,801),(2,1182,809),(1,1186,817),(3,1188,805),(2,1194,801),(2,1206,809),(1,1210,817),(3,1212,805),(2,1218,801),(2,1230,809),(1,1234,817),(3,1236,805),(2,1242,801),(2,1254,809),(1,1258,817),(3,1260,805),(2,1266,801),(2,1278,809),(1,1282,817),(3,1284,805),(2,1290,801),(2,1302,809),(1,1306,817),(3,1308,805),(2,1314,801),(2,1326,809),(1,1330,817),(3,1332,805),(2,1338,801),(2,1350,809),(1,1354,817),(3,1356,805),(2,1362,801),(2,1374,809),(1,1378,817),(3,1380,805),(2,1386,801),(2,1398,809),(1,1402,817),(3,1404,805),(2,1410,801),(2,1422,809),(1,1426,817),(3,1428,805),(2,1434,801),(2,1446,809),(1,1450,817),(3,1452,805),(2,1458,801),(2,1470,809),(1,1474,817),(3,1476,805),(2,1482,801),(2,1494,809),(1,1498,817),(3,1500,805),(2,1506,801),(2,1518,809),(1,1522,817),(3,1524,805),(2,1530,801),(2,1542,809),(1,1546,817),(3,1548,805),(2,1554,801),(2,1566,809),(1,1570,817),(3,1572,805),(2,1578,801),(2,1590,809),(1,1594,817),(3,1596,805),(2,1602,801),(2,1614,809),(1,1618,817),(3,1620,805),(2,1626,801),(2,1638,809),(1,1642,817),(3,1644,805),(2,1650,801),(2,1662,809),(1,1666,817),(3,1668,805),(2,1674,801),(2,1686,809),(1,1690,817),(3,1692,805),(2,1698,801),(2,1710,809),(1,1714,817),(3,1716,805),(2,1722,801),(2,1734,809),(1,1738,817),(3,1740,805),(2,1746,801),(2,1758,809),(1,1762,817),(3,1764,805),(2,1770,801),(2,1782,809),(1,1786,817),(3,1788,805),(2,1794,801),(2,1806,809),(1,1810,817),(3,1812,805),(2,1818,801),(2,1830,809),(1,1834,817),(3,1836,805),(2,1842,801),(2,1854,809),(1,1858,817),(3,1860,805),(2,1866,801),(2,1878,809),(1,1882,817),(3,1884,805),(2,1890,801),(2,1902,809),(1,1906,817),(3,1908,805),(2,1914,801),(2,1926,809),(1,1930,817),(3,1932,805),(2,1938,801),(2,1950,809),(1,1954,817),(3,1956,805),(2,1962,801),(2,1974,809),(1,1978,817),(3,1980,805),(2,1986,801),(2,1998,809),(1,2002,817),(3,2004,805),(2,2010,801);
/*!40000 ALTER TABLE `vonat_jarat_indulas` ENABLE KEYS */;
UNLOCK TABLES;
/*!40103 SET TIME_ZONE=@OLD_TIME_ZONE */;

/*!40101 SET SQL_MODE=@OLD_SQL_MODE */;
/*!40014 SET FOREIGN_KEY_CHECKS=@OLD_FOREIGN_KEY_CHECKS */;
/*!40014 SET UNIQUE_CHECKS=@OLD_UNIQUE_CHECKS */;
/*!40101 SET CHARACTER_SET_CLIENT=@OLD_CHARACTER_SET_CLIENT */;
/*!40101 SET CHARACTER_SET_RESULTS=@OLD_CHARACTER_SET_RESULTS */;
/*!40101 SET COLLATION_CONNECTION=@OLD_COLLATION_CONNECTION */;
/*!40111 SET SQL_NOTES=@OLD_SQL_NOTES */;

-- Dump completed on 2021-11-10 16:32:05
